Date,00:00:00,01:00:00,02:00:00,03:00:00,04:00:00,05:00:00,06:00:00,07:00:00,08:00:00,09:00:00,10:00:00,11:00:00,12:00:00,13:00:00,14:00:00,15:00:00,16:00:00,17:00:00,18:00:00,19:00:00,20:00:00,21:00:00,22:00:00,23:00:00
2024-01-01,294.4043513426186,289.42733129531155,285.26324598988566,282.1425179420279,278.0605718025443,272.3338200416856,267.385170523521,266.7636599772577,271.40281403933295,278.03804414021295,281.59324873216497,279.35596216536726,272.9376954447707,266.21882110834974,261.48965607665025,257.7612893302679,252.92835019391038,247.42027147739606,245.29241329318282,251.17131245271975,265.6960959119795,283.86762974812535,298.17201502315976,303.8852133467114
2024-01-02,301.91425089195116,296.8787322982748,292.5832100728861,289.2618656231423,284.91457212143393,278.8628179316273,273.53514503301733,272.4867073399516,276.6575505578827,282.7899248643197,285.8147989800221,283.0269200291768,276.0450645371636,268.7568339223863,263.4596494397615,259.1714945121686,253.79360127810162,247.76163659480923,245.13675425106157,250.55077914753122,264.6475626882984,282.43208154053235,296.3938916964088,301.81172111228716
2024-01-03,299.59465003047364,294.3636106501214,289.9237518662112,286.50912519934695,282.1187619821119,276.0726202743051,270.79705557455264,269.84441974669596,274.15138920830907,280.45633299347526,283.68588847785065,281.1300883197253,274.40268304976354,267.38601168927744,262.37207435272654,258.3733537192182,253.28558114662601,247.5390016137248,245.18950319123888,250.86387577763256,265.20123736622793,283.2021990548662,297.35237988093684,302.9270539426807
2024-01-04,300.83237821192495,295.6869320820347,291.29411385663343,287.88684988844057,283.4636861421851,277.34474047203986,271.95716962251686,270.8547554284231,274.9762114434108,281.06252090093915,284.04347420464194,281.212750017499,274.1881849952429,266.8565852603907,261.5147343515469,257.1801454114386,251.75375430941,245.67110885839946,242.99342084722826,248.3527466664193,262.393335833699,280.1207196957426,294.02515240020864,299.38618762026886
2024-01-05,297.11384038480867,291.83006596759867,287.3411018754198,283.88212940730375,279.4533252267793,273.375781815799,268.07695129176284,267.11021741470245,271.4131972685001,277.7250836384118,280.97319629016727,278.4480860983391,271.7638368373086,264.8029173709785,259.8572385111708,255.93896173030555,250.94325574682023,245.29955537508528,243.06268850719715,248.8581360806504,263.32346335286115,281.45749372551234,295.74383614056273,301.45554844325903
2024-01-06,299.496384960064,294.4823591536652,290.2141663194041,286.9219217510721,282.6012838262658,276.5694399385218,271.2506088917355,270.19566380605704,274.34047631929843,280.42329251837907,283.3713083290508,280.475787934703,273.35236980296634,265.8859129245599,260.3715375398881,255.8254076738215,250.147451738746,243.77257598393385,240.76173715027625,245.7471397820754,259.3735972370322,276.64762843663027,290.06090227595394,294.8948130517732
2024-01-07,292.06163619466304,286.18599624743734,281.0771931775288,276.97384359723077,271.87990750038693,265.1205795931994,259.1276999698724,257.4592892887469,261.05781028526906,266.6674670603228,269.2207107928331,266.0132963049323,258.66453479546715,251.062096011313,245.5030146648757,241.00444883814464,235.46638694554568,229.3228581987189,226.6330129811933,232.02633850841397,246.14404859742302,263.988219251294,278.0452815393421,283.59065452661014
2024-01-08,281.52996689088354,276.4805983689546,272.24408624955794,269.0508525427061,264.89632140090396,259.0969048049971,254.07551013897762,253.38117366021214,257.94742054276634,264.50966176390415,267.99179533202437,265.6813551628859,259.1898518365094,252.39765747611435,247.59508859666414,243.79323378358714,238.88672197646204,233.30498561035293,231.10338443280216,236.90845490148786,251.35932362884114,269.45685635917073,283.6871538325764,289.32617734784117
2024-01-09,287.28095277838804,282.1710844746579,277.8011246671099,274.40525449650755,269.98334688152715,263.85688994311397,258.4544254302991,257.33110703763543,261.42698026422465,267.48429509285415,270.4340200617439,267.5709021249062,260.5137176499992,253.15006791062797,247.77737402902574,243.41361930861993,237.96003578121673,231.85229021059266,229.15153630456962,234.489598896862,248.51032933749772,266.218704252943,280.1042796083958,285.4457833468409
2024-01-10,283.1522957110509,277.84474891404676,273.32829187922346,269.83697616916106,265.36983317267016,259.24682101991044,253.89429529460762,252.86460795944907,257.09443554573227,263.3221472158386,266.47438048834596,263.8411681794918,257.0362609915373,249.94199813448793,244.85037992455648,240.7738892587999,235.6082577276705,229.78373055815823,227.35619608435132,232.95244448367083,247.21159404381467,265.1342561723244,279.2060502320755,284.70225066411507
2024-01-11,282.5290147959043,277.30492239450257,272.8333721526545,269.3472908280097,264.84522480657654,258.64729238017856,253.180650746661,251.99908221090152,256.0413008128822,262.0482902889719,264.9498415616756,262.0396338302535,254.935504302731,247.52425967081132,242.10268405896292,237.68829121268433,232.18201762096385,226.01941173290538,223.2616859911147,228.54089745644524,242.50129633414218,260.14841467540754,273.97250734998346,279.253128769792
2024-01-12,276.90029472025134,271.5359612486592,266.9663666527747,263.4266930400534,258.9171178991863,252.7587345562324,247.37899598885386,246.33128683542014,250.55322507596804,256.7840044090654,259.9509455313545,257.34460026662117,250.57905335565124,243.53677464662445,238.50967595338682,234.50991976838316,229.43267584764877,223.70738006093,221.38886137395335,227.1026018154348,241.48616775193562,259.53838371211594,273.74285978340214,279.3726549737153
2024-01-13,277.3315247906925,272.2354838960767,267.88522880220773,264.51087603777876,260.1080852334128,253.99404505407688,248.5929755923462,247.45575127571743,251.51824506689923,257.51870439704714,260.3843265519823,257.4063770951089,250.20049589176728,242.65154334680565,237.05464113540495,232.42595473351497,226.6654140232044,220.20792674096177,217.11445113372412,222.01719326842422,235.56096804619898,252.75229594627712,266.08284744180844,270.83401842501905
2024-01-14,267.91808593971575,261.95967616031663,256.7680907028554,252.5819478470151,247.40520927131251,240.56307138459232,234.48737600140316,232.7361455183665,236.25184442678432,241.7786786010326,244.24910101136817,240.95886828874896,233.52729345859788,225.8420481116335,220.20016882212906,215.6188155507965,209.99797860862284,203.7716891211907,200.99909940329954,206.30969861875997,220.34470255056308,238.10618918470345,252.08059159072084,257.5433308509774
2024-01-15,255.4000376778214,250.26809385911477,245.94903875214337,242.67329645223302,238.43629321420528,232.5544431370238,227.45065574103012,226.67396943585064,231.15791156428048,237.63789528908654,241.03782082059348,238.645224292887,232.07161852083948,225.19737787836044,220.31282114798637,216.42903919807327,211.4406632677243,205.77712810733084,203.49379579584158,209.21720513777143,223.58648510860968,241.60250383101214,255.751364439227,261.3090306417486
2024-01-16,259.18253073689226,253.9914715158134,249.54040766415847,246.06352279382384,241.56069230925263,235.35340683259764,229.8702106276295,228.6662599205187,232.68160275539827,238.65849167429582,241.5278977909628,238.58457064735626,231.44728921452713,224.00365738371136,218.5510989076226,214.10759973622464,208.57439456014072,202.38715281659836,199.60703090017927,204.86585634507932,218.80748321507662,236.43689086421375,250.24363799790024,255.50645531307413
2024-01-17,253.1344258190863,247.74848450865528,243.15378309758728,239.58437595345703,235.03929728281844,228.83850804580857,223.40836666854665,222.30122796835064,226.4537713432254,232.60436883384244,235.67966084951206,232.96968310836687,226.08818922640333,218.91752133862346,213.74968269792572,209.59715914802302,204.35568523877487,198.45550916642918,195.95252224528448,201.4735176435883,215.65761665022464,233.50543368475684,247.50259113156113,252.92436646398693
2024-01-18,250.67692005117874,245.37883471233283,240.8335122005114,237.273882345096,232.6984946120014,226.4274703823495,220.88796995241518,219.63377873439646,223.60361388450517,229.5384622633622,232.36811792710392,229.3862632160252,222.2107384879645,214.7283535920831,209.23589581821625,204.7508820850023,199.17425206179834,192.94155738587364,190.1140136949025,195.32368125189996,209.21481347102508,226.79294561941876,240.54833578887104,245.76054162019105
2024-01-19,243.3395821336141,237.90741661741117,233.27028661626792,229.66337749002878,225.0868699855789,218.86186069228074,213.41580585704008,212.30209339101077,216.45834455351607,222.62375632623318,225.72565269352768,223.0545887714094,216.2246525968009,209.11831731850972,204.02749805414305,199.964360604009,194.82407803535696,189.03608953251052,186.6552273785246,192.30697692284411,206.62890785528788,224.61984803012825,238.76341086300704,244.33265869224044
2024-01-20,242.23135035795076,237.07550385579557,232.66581903423824,229.2324157590947,224.77095699953054,218.59863476000675,213.1396724740257,211.9449479098806,215.95033737211253,221.89409163396226,224.70341132341522,221.6695653463284,214.4081969088517,206.80416975853203,201.15260891071972,196.46968318170667,190.65532579172196,184.1444478160027,180.9980108371336,185.8482242572508,199.33990631019807,216.47958080617894,229.75892154711565,234.45932775170252
2024-01-21,231.4930797876802,225.48480715012644,220.24381477356636,216.00872425242187,210.78350057671545,203.89334346319023,197.77009803083092,195.97178997633756,199.4408870869274,204.9215985289489,207.34638055967477,204.01099309247633,196.5347524300673,188.80533343568698,183.1197759502152,178.4952431957016,172.83172873875483,166.5632669546177,163.74901340112294,169.01846047942087,183.01282720188286,200.734194780967,214.668999499941,220.09266565169722
2024-01-22,217.91082715072818,212.7408689791326,208.38433368119746,205.07164853072305,200.7982429530509,194.88053420923987,189.74143497306878,188.9299867986818,193.37972016484352,199.82605136046766,203.1928837126668,200.76775646319123,194.16218552425593,187.25654835724856,182.34116682183296,178.42713485335614,173.4090867469419,167.71646029806408,165.40462062011719,171.10010954050156,185.4420590461171,203.43134025929427,217.55405930257547,223.0861828599729
2024-01-23,220.93474219354914,215.71934704556446,211.24455504016572,207.74455271453974,203.21921838567735,196.99004557508678,191.4855814319331,190.26098505446538,194.25630734490582,200.21380368937295,203.0644480308687,200.10299272700084,192.94821954953966,185.48773517410334,180.01896612509304,175.55990110728408,170.01177755152818,163.81026761751212,161.01653040951473,166.26239615318812,180.19172158806825,197.8094887272919,211.6052589191259,216.85776548594916
2024-01-24,214.47609404584682,209.08118218290468,204.47818418685696,200.90115698130896,196.34913731124593,190.14208865737882,184.70637194763353,183.59434448304572,187.74268812666486,193.88977736548665,196.96225503569454,194.25015926378353,187.36724605421654,180.19585991108718,175.0280064364362,170.8761738035582,165.63609887139754,159.73803212515253,157.23786714687748,162.76239935324395,176.95075225959926,194.8035424901549,208.80639461668733,214.23458827266143
2024-01-25,211.9942859695782,206.70407264630217,202.16735215351045,198.6170563959948,194.051736892804,187.79151705565533,182.26355918869965,181.02165068936353,185.004510675684,190.95312794713274,193.7972984752111,190.83070649203685,183.67119422358974,176.20557336302204,170.73063302054425,166.26389191033653,160.7062914732827,154.49338509346836,151.68639013073528,156.9173685449273,170.83057542251103,188.43154767725395,202.2105450223188,207.44712669437322
2024-01-26,205.05131328355773,199.64506562263136,195.03462677405895,191.45518358923212,186.9069182810774,180.71092887765045,175.29467303801545,174.21154005891074,178.39915255791996,184.59670884793314,187.73153421731575,185.09418505849914,178.29875065738028,171.22770538399163,166.17296554859416,162.14669811725858,157.04407729402766,151.2945433719413,148.95292971428358,154.64472272188732,169.00749310752008,187.04006971925008,201.22606693762884,206.83854803671136
2024-01-27,204.78127276301615,199.67025998935333,195.30621041121293,191.91924471242868,187.50502664989023,181.3807489859518,175.97063588184295,174.82556580368507,178.88141572304104,184.87643705000215,187.73783101876543,184.75686711060266,177.5491890764544,169.99966117735133,164.40340891187418,159.7766015466976,154.01917272305954,147.56603390470363,144.47814703155825,149.38772183122737,162.93957683135747,180.14023610439634,193.4813736814997,198.2443889810357
2024-01-28,195.34156253506978,189.39752397278116,184.22157832991132,180.0523472695193,174.89379581784996,168.0711236951229,162.01617599112754,160.28697834045818,163.82599843545395,169.37744531401887,171.87377507271037,168.61074743015283,161.20767846169397,153.55224276938904,147.9414798996245,143.39255274647113,137.8054545147447,131.6142191845055,128.8780018844433,134.22629455270697,148.30031570461534,166.1021460220771,180.11822122300362,185.62396500148833
2024-01-29,183.52501063873524,178.43874244923109,174.16670227544265,170.93931665496964,166.7520142421173,160.9212114930276,155.8698202415925,155.14688116756335,159.68592384069385,166.22236360578253,169.68010281168685,167.3466796864192,160.8336090941487,154.0212674129033,149.19997538415555,145.38082579003338,140.45845173733667,134.8622897983048,132.64770382782456,138.44123435963752,152.88201205164918,170.970906662426,185.194022914812,190.8273260584457
2024-01-30,188.7778458853762,183.66519063263164,179.2939163837005,175.89820809970442,171.4779424862126,165.35461141781227,159.95676036139864,158.8395466974632,162.9430195746353,169.00943259121908,171.96975786524067,169.11874589460865,162.0751765560844,154.72665459447748,149.37060456789885,145.02501317967466,139.59111582250634,133.5045825842922,130.826570460316,136.18890753225838,150.23544836183882,167.97117274572582,181.88563978247643,187.25758050875123
2024-01-31,184.99607822163316,179.72206814828195,175.24070218673225,171.78603483309138,167.35710036953904,161.27385977854954,155.96267145504535,154.9758901309556,159.25019506543035,165.52395810634135,168.72381941543657,166.13981440964602,159.38569634865584,152.34380695712235,147.30614902189566,143.28520786657958,138.1767174653487,132.41092538382026,130.0437222492069,135.7019004890399,150.02458059352358,168.01237613084533,182.1509085763545,187.71545443636148
2024-02-01,185.61217306015945,180.4596461883412,176.0612744411349,172.6499864570252,168.22433045510542,162.1044265117086,156.7174335635753,155.6171356048906,159.74224831696208,165.8337570288112,168.82145420738834,165.99902054656323,158.98429470025914,151.66408475629703,146.3351761854851,142.01508402953996,136.60474602341975,130.53971181215192,127.88119498279517,133.2612536901479,147.3241391819677,165.07538450068117,179.00524545523749,184.39327734545486
2024-02-02,182.14949679219416,176.89586062584283,172.43860787486204,169.01292132389185,164.61897908699677,158.57787506166397,153.31706274316315,152.38992723456838,156.73408692658847,163.08873587397485,166.38119507639647,163.9020166045672,157.2652853926043,150.3534714272669,145.45848660454604,141.59249344564088,136.65066167894324,131.06242709009203,128.8826185065956,134.73671776170983,149.2622909706939,167.45816235403538,181.80794163527432,187.5846874009127
2024-02-03,185.69215468083132,180.7463576015477,176.54799208294602,173.3271740038984,169.07956228738897,163.12234483330434,157.87974091104346,156.90262406673673,161.12686632338958,167.2907141144687,170.3213636689171,167.51007943547714,160.4725001043722,153.093484848342,147.66815405015473,143.2126718337471,137.62696667017855,131.34594482585726,128.43056301726227,133.5130257214677,147.23814618921404,164.61244318883493,178.1275854254087,183.06496695927981
2024-02-04,180.336862942759,174.56789759916583,169.56737053170295,165.57389794754155,160.59143939100954,153.94518907602867,148.06698656120489,146.51485192579014,150.23124728252208,155.96037606589417,158.63468874470817,155.54993938700207,148.32543839366636,140.84885466922378,135.41722203941626,131.04769765518895,125.64026895542369,119.62896413164532,117.07293250250751,122.6016601736258,136.85635980617994,154.83910620629075,169.0363291952847,174.72344654884995
2024-02-05,172.80608560946862,167.90162473203253,163.81159977915638,160.7664312876364,156.76154189197302,151.11334200847614,146.24473741128733,145.70476270093593,150.42694134967917,157.14668258537793,160.78788262135868,158.63807353186436,152.3087640090676,145.68032424079723,141.0430687612746,137.4080841271617,132.66999720307652,127.25823830190433,125.22816500258484,131.2063115461195,145.83180228166157,164.10550064291854,178.51350501206716,184.33177428270935
2024-02-06,182.4673318753836,177.53977964092738,173.35366726115043,170.14317328181687,165.90816797830834,159.97013678110198,154.75761869931736,153.82576464216754,158.1146172735673,164.36642369422944,167.51214951181072,164.8465387016254,157.98836460459347,150.8252254191577,145.65453914466877,141.49428591394874,136.2456945385094,130.34442851391137,127.8516382326215,133.3991451627565,147.6307972427646,165.55156763594456,179.65100879740098,185.20784511340275
2024-02-07,183.13115321805546,178.041861669325,173.74511568639116,170.4749630790243,166.23043143462812,160.33147503335445,155.20444556037154,154.40169103104427,158.85988398058512,165.3173895267662,168.70084109481186,166.3002673590709,159.72941483119678,152.87061848183222,148.01587433940813,144.17766096344016,139.2517055599118,133.66824892180176,131.48317489974784,137.32326914072124,151.82764535111508,169.99691031202804,184.31667870883314,190.06222025535968
2024-02-08,188.13968750605994,183.1676554047977,178.9495177728367,175.71819644908476,171.47223285074506,165.53174025258176,160.32387078856294,159.40240164976893,163.70604171496512,169.9757695099161,173.14137069999995,170.49651917755872,163.65904679676606,156.51575484682695,151.36342200171256,147.21955650852055,141.9850893096716,136.09556326063264,133.61218516167656,139.1670063840163,153.40427139528822,171.3295064619335,185.43296062055484,190.99418240350863
2024-02-09,188.92318166872417,183.8419084886831,179.55659513922964,176.30241765798507,172.07954741795885,166.20907158165326,161.11843691603724,160.36102180257487,164.87443791722535,171.39787260833867,174.85864017555093,172.5472859982063,166.07788832787307,159.33291047554434,154.6042576726692,150.90408578361013,146.12755788971714,140.7041031395148,138.6885437333506,144.70635488767607,159.395096111524,177.75358503063265,192.26542478420035,198.2036673868287
2024-02-10,196.472061307815,191.68661412551873,187.64801522394814,184.58637395893902,180.49734274362186,174.6981029810462,169.6128674577481,168.79250325077467,173.1728759284565,179.49222548366942,182.67774172026162,180.02068267641687,173.13668064765685,165.9105884274903,160.63752003548285,156.3336332487801,150.89885020807895,144.7680708668943,142.00224564449053,147.23357274022976,161.10685914359857,178.62861737990005,192.2905099298177,197.37392464785904
2024-02-11,194.79113049950723,189.16674554000966,184.31006322473053,180.45969363232552,175.6195901990678,169.11494104999835,163.3775796775984,161.9655201143466,165.82121844776526,171.68887210903213,174.5009255851255,171.5531269844445,164.4647807705395,157.12354993359008,151.82646240736636,147.59066947449315,142.31615272894297,136.43693454121217,134.01215843253183,139.67130473608128,154.05558036487596,172.1670544017235,186.49215096990417,192.30628217254346
2024-02-12,190.51506970542297,185.73588630228784,181.7702622314227,178.84861246148756,174.96635408573613,169.4398920061945,164.69212651068892,164.2720867401567,169.11329073571727,175.95114232187458,179.70953233818733,177.6759875120175,171.4620112187147,164.94796835912123,160.4241682074432,156.90169209324392,152.27516168209084,146.97400211875075,145.05356584409375,151.1403819923494,165.87356983670637,184.25398776603743,198.76772914946417,204.69074789920853
2024-02-13,202.9300624867346,198.1052698455505,194.02091477329776,190.91117096405293,186.77590387450263,180.93659414974096,175.82177604737095,174.98659575835077,179.3710912625392,185.71750501106692,188.9567979963041,186.38370961305682,179.6170086566056,172.54428881534233,167.4629636136377,163.3910087445597,158.22964861696113,152.41454235904934,150.00683603245776,155.63834681114912,169.95291837611308,187.955519670141,202.13569896558613,207.77217650282677
2024-02-14,205.77402480824838,200.762168369888,196.5417483751271,193.3468086401532,189.1763727975124,183.35039121158198,178.29521169014862,177.56317841080946,182.0909601103495,188.6169181478545,192.0676822292923,189.73327735035554,183.22744638392996,176.43252070241175,171.64049277653083,167.8638376492762,162.99827905075887,157.4740543393317,155.3470439728333,161.24403024666287,175.80412355752475,194.02792741868936,208.40105329051042,214.19876770316716
2024-02-15,212.32722007098684,207.4049822397727,203.23544497598124,200.05152710649637,195.85176707993165,189.95627524622722,184.79220085742867,183.91331826702,188.25833355992594,194.56822251233086,197.77276808376303,195.16564150616932,188.36467201705614,181.25665833403443,176.13837660438918,172.02733259372948,166.82445480813354,160.96528371179977,158.51102375994793,164.0937240239229,178.35762671736774,196.308255898762,210.43585844317528,216.01998076715924
2024-02-16,213.97063065962692,208.9097561705197,204.64358759984043,201.40729905586167,197.20106002954748,191.3459558485698,186.26943149172195,185.524863600044,190.0498621564044,196.5836128637467,200.0534284235598,197.7498526654594,191.28696233896122,184.54721930088422,179.8225273768092,176.12504107375474,171.34992216317852,165.9265985333357,163.90989117242222,169.92527413262468,184.61030581011428,202.96380276291399,217.46936711397143,223.4000499101482
2024-02-17,221.659598702097,216.8640201989387,212.8140029643876,209.73965558388252,205.63662974932754,199.82210619229807,194.72029707736013,193.88206890973746,198.2432867351634,204.54219007428392,207.70596830846677,205.02587910344744,198.11755443257948,190.86584681692293,185.56587005453682,181.2337817505324,175.76950392443666,169.6079364588666,166.8100297526623,172.00798203504286,185.8466003752149,203.33239743249194,216.9570358664064,222.00190376502584
2024-02-18,219.37927037703858,213.7137540914748,208.81464874847674,204.9205648624573,200.03545635602444,193.48451189141616,187.69956554944906,186.23863200179287,190.04416802601935,195.86037179442948,198.61968858609237,195.6178673525138,188.47421345144792,181.07639081804786,175.7214283826758,171.42647847485583,166.09152378702774,160.15058783909407,157.66281535282795,163.25768791273816,177.5764137345125,195.6210632544673,209.87806200053737,215.6228235315582
2024-02-19,213.7609710499594,208.90987884732664,204.87107880030268,201.87498753739266,197.91702386229528,192.31359443876687,187.48760136603102,186.9880756493564,191.74853724338686,198.504391937285,202.17953258638707,200.06148798427145,193.76176362319353,187.16072657139495,182.54868832173227,178.93673247193988,174.21948300725907,168.82636744115626,166.81274063544467,172.80513419434143,187.44266991148777,205.72620874684918,220.14184669004413,225.96554032465855
2024-02-20,224.10431084303022,219.1777579496806,214.99042926310503,211.7765013478612,207.5358425811073,201.5899365777982,196.36732061507934,195.42314395291388,199.69744768970293,205.93247744381483,209.05919742501703,206.3723502937392,199.49070816051338,192.30186807760785,187.1032469821751,182.9128240287784,177.63182713630638,171.69591899208376,169.16624926379384,174.67463878167945,188.8649349298129,206.74211040197588,220.79571727235515,226.30447962638624
2024-02-21,224.1774738862781,219.0356284831571,214.68408859366616,211.35690207230732,207.0530966361779,201.09262678130176,195.9018444942443,195.03309817815997,199.42306084216568,205.81009816374234,209.12084421431132,206.6453284007723,199.9972980535546,193.05908904842255,188.12269840529316,184.2006057620129,179.1885394890219,173.51674163038277,171.2410973747428,176.98839379333427,191.39774610339998,209.4697626839223,223.69005990461363,229.33390925035053
2024-02-22,227.30746513356198,222.22930444256656,217.90282303021894,214.56094485253186,210.20221353218136,204.1467446352175,198.82169267400462,197.7808373036485,201.9628899551111,208.10883179219218,211.14845120468632,208.37542489670506,201.40758762007223,194.13174364870093,188.8446747271352,184.56389226000806,179.19033043350282,173.15953543300293,170.53271747509453,175.94193143373997,190.03142536513735,207.80672921026542,221.75809576682752,227.16507741367457
2024-02-23,224.93768794151413,219.69788144088557,215.25189429206122,211.83490672186747,207.4470943785087,201.40954878514097,196.14972115454847,195.22099439902172,199.5609848106278,205.90888443894323,209.192012369156,206.70091885187895,200.04968709283173,193.1207854438982,188.20612425993963,184.3178646139603,179.3511748790564,173.7354895806296,171.52563637873214,177.34709603324694,191.837433681981,209.9954726591402,224.30482189764734,230.0385392905721
2024-02-24,228.10037926496116,223.10635544176512,218.8571633295302,215.58291849102693,211.27927962822284,205.26343451493014,199.95960239056222,198.9186568661848,203.0764701253999,209.17128885780124,212.13030964472583,209.24479738256787,202.13039130551914,194.67195122617142,189.16459826322287,184.6244973724048,178.9515779530969,172.58074729688994,169.5729632397165,174.56043147703406,188.18796657200943,205.46208870564539,218.87446808688935,223.70650038042612
2024-02-25,220.87046243868042,214.9909802804259,209.8773554027602,205.7682060025866,200.66749371025247,193.9004149223777,187.8988114783722,186.22070583358243,189.80856257388677,195.4065877039529,197.94723435885504,194.72625937042622,187.36297599935585,179.74505610698534,174.16953657239478,169.65357769639778,164.09717016452942,157.93434551133578,155.22425649509591,160.5963927575065,174.69197059230174,192.51306853402104,206.54612022960976,212.066547375858
2024-02-26,209.97998133312296,204.90380456994347,200.63955715870108,197.41766394191183,193.23355195557815,187.4036361139893,182.35082678350753,181.6241632543281,186.15717378228473,192.68527247590922,196.13236052323688,193.78597506860586,187.25762996995982,180.42770067517617,175.58650707351512,171.74514117248827,166.79823538128073,161.17522565099236,158.93147529499794,164.69352438119773,179.10050318212822,197.15328114535515,211.33796276312765,216.93051313209685
2024-02-27,214.83796196940034,209.6799175154384,205.26093593527835,201.81520235004092,197.34259370383052,191.1646021883564,185.70977366620954,184.53326599226872,188.57512886827925,194.5776165243563,197.4717017893411,194.5521359512305,187.43769975462857,180.0159988929447,174.58445895091234,170.16106773696313,164.64706182955706,158.4781125807522,155.71537832863285,160.99068857812958,174.94789939249193,192.59199214852515,206.41252760760256,211.68823854509594
2024-02-28,209.32821007661713,203.9533793283173,199.36890017557886,195.80882917241394,191.2722027375552,185.07898406874318,179.65553385658365,178.55420920799335,182.71169183575557,188.86635612100963,191.9448448381936,189.23719609616123,182.35716592615563,175.1870989026127,170.01900074286772,165.86535977877003,160.62191307267383,154.71891135730027,152.21224850638606,157.7287202723313,171.90745054953044,189.74905638932069,203.7391628290171,209.15305001582556
2024-02-29,206.89688101876118,201.58924137698392,197.03353558730677,193.4626962435507,188.8752755987948,182.59139784262987,177.03822610126045,175.76954863849238,179.72408548328983,185.64282638901716,188.45556832685838,185.45599657108255,178.261954434941,170.7602547433128,165.24768778017784,160.74177348005844,155.14345454673116,148.8882856717878,146.0374855659012,151.22311758449626,165.08943825288944,182.64198596773662,196.37102196910666,201.5561070644771
2024-03-01,199.10726345874951,193.64645364264246,188.9799223809965,185.3428582707275,180.73544531412736,174.47878337270092,169.0003319811591,167.85348235742322,171.9758590819194,178.1066624754177,181.17321987669845,178.46608977189504,171.599363584068,164.45551786341278,159.32647114497735,155.22439266090595,150.0444589255527,144.21611258462292,141.79418939824518,147.40417820555777,161.68365220263922,179.6314427608882,193.73116682805812,199.25589029048953
2024-03-02,197.1093755459762,191.9076441638047,187.4513995765387,183.97076524928596,179.4614077617078,173.2405227412228,167.73233725664934,166.48773272374498,170.44258910584014,176.33516084649972,179.09265225594936,176.00633593295947,168.6918587880391,161.03408828331573,155.32815316008956,150.59022596937518,144.7202436781509,138.15312111791255,134.94982363602332,139.74256441087144,153.17616545960442,170.25715438823664,183.47720880079652,188.11773172776472
2024-03-03,185.09100735690177,179.02166901201508,173.71902546447757,169.42170215436565,164.13366792391827,157.18012634995202,150.992926420402,149.13009770589488,152.5341118767201,157.94918198746322,160.3077681911945,156.90563430338713,149.36210053537584,141.56484566466168,135.8109134523607,131.11747104663095,125.38451594544915,119.04608646085464,116.16134209290635,121.35977918946193,135.2826207142009,152.93195183575241,166.794212797853,172.14483185806853
2024-03-04,169.88944689972718,164.64544687728818,160.21437831126494,156.82667245425327,152.47776271435623,146.48407033917596,141.26851198984895,140.38013321226032,144.7524684788014,151.1209380745039,154.40944932481517,151.905545471147,145.22074642747546,138.23543365847837,133.23993302848592,129.24534247943464,124.14630031271243,118.37224833161133,115.97855565846338,121.59176812895971,135.8510217405727,153.7571916235045,167.79638790981036,173.24458129299606
2024-03-05,171.0088070438922,165.70867891267176,161.14875853109362,157.56323644256128,152.95199496941052,146.63653163709827,141.04539759779263,139.73375595048725,143.64166159622005,149.5113739192816,152.2738708570524,149.22390876040373,141.98027339073326,134.43057541250855,128.87224533469418,124.3232758436823,118.68490834913841,112.39281898752009,109.50817083356095,114.66279808229976,128.5005614380954,146.0264468750109,159.7300196980367,164.8900171819595
2024-03-06,162.4155288926299,156.9274963574632,152.23107780511808,148.56033409351645,143.91430589644764,137.6129606173375,132.08266310360477,130.87577456862095,134.92898078264463,140.98066013385105,143.9574593539146,141.1494204586912,134.17030333582082,126.90245636613152,121.63788902188857,117.38909333947018,112.05181003468013,106.05629344259978,103.45844098763922,108.88505192188366,122.9752535876106,140.72966643207096,154.63391883684025,159.96329424137988
2024-03-07,157.623958954794,152.23450170371606,147.59833012056137,143.94837988174382,139.28320627039707,132.92293645325026,127.29473648117195,125.9523974889483,129.83464232362294,135.68246350352507,138.42566071120777,135.35792187889712,128.0970929245954,120.52998922243611,114.95340355447593,110.38485829773887,104.72529854516532,98.41028132192952,95.50102762040555,100.62960302183106,114.44026622330696,131.9385577387323,145.6147408711631,150.74837843606022
2024-03-08,148.24949459180326,142.74005372775233,138.02630245255736,134.343431151664,129.69162556128109,123.39198722177758,117.8719772911323,116.68498855570547,120.76864710894,126.86215472946908,129.89284015800948,127.15126322796823,120.2515166536464,113.07607822110218,107.91686764556394,103.78605528398464,98.57881871961091,92.72460161148861,90.27824067668077,95.86522565678172,110.12313059345703,128.05078764704436,142.13181450283028,147.63927772214555
2024-03-09,145.4769403263109,140.26082445109571,135.79163403958594,132.29949301132498,127.78006834449508,121.55055600944327,116.03518336118874,114.78483204621563,118.73538220246365,124.62508839213768,127.3811549877774,124.29485459505725,116.9818340750009,109.32696078436948,103.62536330306517,98.89321396498737,93.03044946389561,86.47198430192468,83.2787834417304,88.08305962074056,101.52963435933077,118.62503471095351,131.8609376715942,136.51874560745287
2024-03-10,133.5107419866951,127.46155935776186,122.18050566127422,117.90620544981765,112.6426266242812,105.71497176383389,99.55508880306124,97.72100620432371,101.15519447416273,106.60186544810334,108.99347800501269,105.62579463101106,98.11813415303702,90.35817390946505,84.64295616597583,79.9896465225557,74.29824087281622,68.00277587007851,65.16240930114802,70.40663574573766,84.37667634530821,102.07461439167935,115.98688819754997,121.388924035289
2024-03-11,119.18635774887997,113.9965761996522,109.62112376054787,106.29042948341495,101.99992452150988,96.06602781412965,90.91165366051602,90.0858451916189,94.52213441114253,100.9559390826393,104.31116395693459,101.8753496478501,95.26001338928272,88.34553391258287,83.42223429702118,79.50120964630571,74.47709537175928,68.77933033434056,66.46328066214221,72.15548914457177,86.49508868124306,104.48295125279171,118.6051837897904,124.13775373527585
2024-03-12,121.98769305495456,116.77461214546699,112.3030692329427,108.80725140529228,104.28703747831683,98.0639214207368,92.5664507777143,91.34978499138043,95.3539752558126,101.32127719880204,104.18266495164059,101.23289100972079,94.09073722994523,86.64381032301922,81.18953679571815,76.74590528310058,71.21415309541038,65.02995222132004,62.25446153979334,67.51951100183977,81.46895702055596,99.10778123090762,112.92554455163545,118.2009798240752
2024-03-13,115.84317213394093,110.47305848168423,105.89579252207326,102.34543049381426,97.82100840399275,91.64248894490325,86.23623220631671,85.15459459870384,89.33425704428278,95.51359303781837,98.61924437334079,95.9412480839749,89.0933590306319,81.95792052308687,76.82693691867215,72.71289509525975,67.5115305665791,61.65309242262144,59.193472799582864,64.75946561864815,78.99019284855666,96.88626952121852,110.93331856015868,116.40661790570786
2024-03-14,114.2123283259473,108.96903296534393,104.48013383303578,100.9785609414476,96.4628638692478,90.25316403826884,84.77662171465913,83.58702220865504,87.62308250310467,93.62578921362658,96.52493608009436,93.61420505377396,86.51143603353565,79.10343833598554,73.68699864770954,69.27963321276559,63.78228095353941,57.63049268798753,54.88548316417446,60.179311681971654,74.15623062305156,91.82177414682988,105.6661991680511,110.96906207822508
2024-03-15,108.64038057657152,103.30211255847931,98.76049810402672,95.25072103590452,90.77296049356151,84.64831138690879,79.30422821022198,78.29409705298504,82.55553727911428,88.82774390479237,92.03803887684842,89.47697520221027,82.7586387376434,75.76550038004709,70.78947292465041,66.84271977777222,61.82041154154729,56.151984864021685,53.892269421436936,59.66674788511034,74.11298719624114,92.22981239000597,106.50083399192911,112.19911137971113
2024-03-16,110.22840036205396,105.2047158337127,100.92875447112127,97.63063289911972,93.306010775168,87.27207672140794,81.95305072093076,80.89980702080103,85.04821833487637,91.13653177645062,94.09194424435319,91.20572084621085,84.09350092107498,76.64014428033192,71.14077193466225,66.61154862611328,60.95240343388633,54.59824322336172,51.610025298019764,56.619954715082386,70.27284529293331,87.57521636219153,101.01873717539468,105.88480233496281
2024-03-17,103.08568752560848,97.24601749198504,92.17509235251944,88.11152881813265,83.05928692949816,76.34356138767411,70.39619223019811,68.77520000641636,72.42304729131769,78.08393797243876,80.6903229648756,77.53795677330716,70.24615022839029,62.702572656798836,57.204258296772,52.76836470657564,47.29487972349038,41.217831930555676,38.59637103013023,44.05998350471735,58.24988238514693,76.16814283993897,90.30119504622913,95.92445712889145
2024-03-18,93.94355677293257,88.97587266898779,84.82294100892835,81.71518265265266,77.6480205513248,71.93786543212437,67.00762337338747,66.40632927508429,71.06750690165595,77.72656576900441,81.30740237208809,79.09754906123112,72.70851479928609,66.02067004016118,61.32432957836542,57.630580226345856,52.834049099350494,47.36416675585264,45.276291016479234,51.19695635824526,65.76528736399574,83.98214769226708,98.33363595189482,104.09571125482432
2024-03-19,102.17539723655618,97.19229596007389,92.95095731443529,89.68556004995459,85.39597464235099,79.40368671933385,74.13723548379012,73.15177203532181,77.387339225072,83.58618433844136,86.67927316406883,83.96134985651908,77.05118793246402,69.83638576412508,64.61436152171733,60.403095506190766,55.10381669624043,49.15218875159374,46.60936222649369,52.10715875028649,66.28942641857255,84.16113855328292,98.2118477651978,103.72027859232443
2024-03-20,101.59550782297217,96.45846416580427,92.11429299031919,88.79704225537348,84.50573969669857,78.56033974171567,73.38719422281768,72.53865130072273,76.95138365716991,83.363756554457,86.70240356291492,84.2573535020283,77.64235302814902,70.73973725674917,65.84150236110118,61.96012704614226,56.99133866330969,51.3653781516425,49.13812950874201,54.936378528749515,69.3992390658907,87.52731805035658,101.8062303174737,107.51124573215205
2024-03-21,105.54851700136354,100.53661922246567,96.27894637195553,93.00842044429766,88.72358301546991,82.74454752034289,77.49846625338645,76.53911656970448,80.80520751335018,87.03771777815872,90.1664331988051,87.48502783987068,80.61133372971727,73.43215233440272,68.24426250723765,64.06517267840108,58.795813974540536,52.87172943842836,50.35412606243629,55.87505541022301,70.07876214820777,87.97077274104814,102.04133642917012,107.57000195353746
2024-03-22,105.46677938083535,100.35361899865104,96.0367533000987,92.75135854451767,88.49760633027432,82.59658404953838,77.47573870244321,76.68844890825575,81.17232658456992,87.66655932591317,91.09846168210142,88.758579288095,82.26099065424424,75.48815935628062,70.73199089480977,67.0046414071364,62.201274253325806,56.75131886612175,54.70959773367342,60.701586366325415,75.3648445723503,93.69819028180984,108.18522694346264,114.09900688684141
2024-03-23,112.34327890134071,107.53405089172716,103.47201257330659,100.3872736403426,96.27548684861782,90.45383394998196,85.34652808705546,84.50443669750251,88.86342571698201,95.16173551148938,98.32655626454846,95.6491464002825,88.74513860648904,81.4993860753958,76.20700323174876,71.88414826405571,66.43074373150816,60.28169001282727,57.49793795871798,62.71168620720485,76.56774219209754,94.07261889372327,107.71797924906019,112.78521158003963
2024-03-24,110.18658532595205,104.54671902190918,99.67490661162111,95.8097586682486,90.95522913026596,84.43650663307112,78.6854251852774,77.25999934423419,81.10268572959676,86.95768231219108,89.75743412619124,86.79768983437702,79.69775446368106,72.34529157341221,67.03732967593135,62.79102064003321,57.50634665348038,51.61733068757219,49.183116874396404,54.833186164157794,69.20874609541636,87.31186638482899,101.6289717971728,107.4354750859631
2024-03-25,105.63699860506412,100.8509157548773,96.87875747791271,93.95093942588034,90.06287938324051,84.53098295175667,79.77815112629187,79.35341376521981,84.19028963354252,91.02418328969642,94.77898631421311,92.7422261850624,86.52540703601731,80.0088945345984,75.48299873219604,71.9588017415881,67.33092602166487,62.028797518697104,60.10776948374554,66.1943718699529,80.92772477915112,99.30868743390306,113.82335405093576,119.7476793953368
2024-03-26,117.98868280012097,113.16596207094625,109.08406288447534,105.97715982390352,101.84511924354771,96.00942269378271,90.89860534798403,90.06781432053597,94.45708852384686,100.80867135002491,104.0535247414943,101.48638905205067,94.72603404470799,87.66005438416833,82.58586457985564,78.52144131888781,73.36801001273693,67.5612308012889,65.16225076589673,70.80288811022056,85.12698755143025,103.13951908087506,117.33003202571089,122.97724768857466
2024-03-27,120.99023966979007,115.98993353807452,111.78147157080659,108.59889868276557,104.4412396138431,98.62844584350228,93.58686630515848,92.86884630810434,97.41105573163354,103.951857083709,107.41788123012222,105.09915433264065,98.60942043991142,91.83101210884976,87.05592300114144,83.29662936143394,78.448856128558,72.94284187840469,70.83446829420811,76.75051890538462,91.33010535048305,109.57383239312293,123.96731275159937,129.7858142231219
2024-03-28,127.93548749655122,123.03490570016206,118.887460891398,115.72607319483453,111.5492823662417,105.67720006975013,100.53697687923984,99.68238847817888,104.05214228896395,110.38721543365253,113.61739222464634,111.03634525405823,104.26190512746558,97.18087193824721,92.09002321648546,88.00686611836979,82.83233054766606,77.00195837325961,74.57695546303614,80.18937230718068,94.48345254721133,112.46472167319928,126.62342800072832,132.2391193957094
2024-03-29,130.22180509969476,125.19343462428179,120.96023973710405,117.75739602115534,113.58507444829242,107.76436183376813,102.72270465081453,102.01348104082732,106.574302493333,113.14435622448134,116.65095645504204,114.38464854040703,107.95951076070588,101.25800651125371,96.57204116085668,92.91377076480978,88.17835865030126,82.79523426644005,80.81922016653749,86.87579197563961,101.60250966551503,119.99819137851546,134.54644082479234,140.5203106439865
2024-03-30,138.82354998474423,134.07216715899327,130.06685233860435,127.03771572242735,122.98041061950359,117.2121193833038,112.15705580636707,111.36608802452326,115.77508271964112,122.12228105219532,125.33487404765967,122.70412102064117,115.84565559676707,108.64433195384959,103.3952655497242,99.11461565374827,93.7023059530911,87.5932380015101,84.84836387254457,90.0998834735924,103.99260555489593,121.53304445992646,135.21286453598242,140.31345556131774
2024-03-31,137.74708847841976,132.13838337185592,127.29663578106245,123.46045792070082,118.63380541709955,112.14186863948152,106.41648337541399,105.01566600726414,108.88187502496494,114.75931031516706,117.58041887241379,114.64095136566415,107.56021487243768,100.22587504742826,94.93496254293322,90.70463141255266,85.43486607206339,79.55969176603566,77.13825494342143,82.80003891434214,97.18625362337053,115.29897123299038,129.62461900000153,135.43861221180862
2024-04-01,133.64657579964,128.86588578394233,124.8980757699541,121.9735641143996,118.08777134916303,112.5571058659294,107.8044714907131,107.37890095529681,112.2139159394961,119.04492395815036,122.79581958892375,120.75413334854588,114.53137245000715,108.00790568074397,103.47404625243715,99.94087947869718,95.30303105897181,89.98993021989956,88.05693353292467,94.13057431075163,108.8499760529871,127.21600142300835,141.71474811153828,147.62217439975333
2024-04-02,145.84530317469287,141.0037358333112,136.90202168291,133.7743389741152,129.6205577663942,123.76216335286946,118.6276946863404,117.77230269797354,122.13603015323851,128.46112433394228,131.67855110838212,129.083054792184,122.29340914597674,115.19721286745403,110.09188453470549,105.99540493799539,100.80900362716696,94.96834491500363,92.53458009006124,98.13953159708456,112.42704842851353,130.40210488437071,144.55425463390986,150.1622233550228
2024-04-03,148.1350890560978,143.09378174679244,138.84344817721683,135.61813776767036,131.4168797950021,125.55963030783126,120.47274283827173,119.70856732830674,124.20377831857844,130.69674300973963,134.11409699049224,131.74587117554685,125.20581439648777,118.37626402223304,113.54921855654479,109.73715911422356,104.83581553391815,99.27543131835537,97.11189310778732,102.97198941510564,117.4948368904868,135.681045336429,150.0162325372677,155.77567138316866
2024-04-04,153.86551768237098,148.9043497090171,144.69556469192622,141.47208795335854,137.2324644718289,131.29681115944612,126.0922838629144,125.17266356331946,129.4766630046699,135.74526465480267,138.90825819562534,136.25932161220643,129.4162909262343,122.26597166988066,117.10514683505484,112.95132906145017,107.7054537587671,101.80306832369894,99.30538417219267,104.8444573651226,119.06453713462412,136.9711545813234,151.05456365501044,156.5943178702827
2024-04-05,154.5004321407929,149.39486166895125,145.08384393089503,141.80256023872315,137.55118731069962,131.65081772674225,126.52890374271549,125.7388293001378,130.21821170598776,136.70624401033675,140.1302462851806,137.78076975286444,131.27189857682455,124.48610205116647,119.71529145900837,115.97162878496567,111.15028330032828,105.6806904128843,103.61767864868477,109.58672961940276,124.22540929676508,142.53254183685794,156.99173697567664,162.8760533922
2024-04-06,161.08924628610356,156.24733003260582,152.15100087867376,149.0303751088116,144.88111213010856,139.02040040371395,133.87245984094616,132.98816470576332,137.30338781911053,143.5563764889315,146.67432789814197,143.9485075271693,136.99455517627572,129.69733120606804,124.35195726508417,119.97459882104398,114.46518576668177,108.25862586854441,105.41587741944619,110.56914655242925,124.36324824935757,141.8047030913651,155.3851816683254,160.38608000669822
2024-04-07,157.71967530162266,152.01059389499454,147.06813758763246,143.13092485938432,138.20291760540016,131.60931246683492,125.78195150624266,124.27885738345088,128.04249486834019,133.81707012886585,136.5350364434484,133.49215076577718,126.30772645837285,118.86943546331165,113.47431471945804,109.13952456737317,103.76505570951991,97.78493967695582,95.2583292035859,100.81471388424978,115.09530994595727,133.1021958322191,147.32180507816008,153.02955924950618
2024-04-08,151.13108954959506,146.24377827008456,142.16916528391198,139.1376752115337,135.14473484479333,129.5067588309043,124.64665724742339,124.11346907202756,128.84072222579562,135.56383045922212,139.20669457984556,137.05685132828393,130.72581413482126,124.09395799808796,119.45160233313598,115.80983865022485,111.06329883780698,105.64141830367417,103.59955979188095,109.56426277974288,124.1746569225715,142.4316110300897,156.82122893027673,162.6194750317507
2024-04-09,160.7333783395796,155.78254635741777,151.57153448971698,148.3345270731202,144.07140024126457,138.10364535114988,132.85980740730048,131.8950433802134,136.1494020629298,142.36513675188675,145.47321931735274,142.76840006367811,135.86945872676236,128.6639999660726,123.449448307066,119.24379047335975,113.94826193353201,107.998532904402,105.45576056286458,110.95177322735377,125.13042574788965,142.99669826603096,157.04015027652548,162.53951326625454
2024-04-10,160.40387103584305,155.25415936975284,150.8955307761942,147.5620404154759,143.25272328672875,137.28754114263376,132.09285320142223,131.22101507184044,135.60870694242521,141.994301643846,145.30444037329863,142.82915963563775,136.18221383266766,129.24594588173932,124.31235981674895,120.39394226071903,115.38642853941384,109.72006762178202,107.45075159264763,113.20527438713711,127.62275805803361,145.70381778440972,159.93407670771163,165.58881305105
2024-04-11,163.57418793313562,158.5087849152899,154.19600648998374,150.86878321924135,146.5256652975236,140.48677482906788,135.17927282758606,134.1569454169607,138.35851045903618,144.52495551443442,147.5860753320941,144.83555293914844,137.89122937316174,130.63991515619787,125.3783982437973,121.12419621294772,115.77824938386699,109.77611003654536,107.17899444370238,112.61896349520248,126.74027122467292,144.5484535063361,158.5337690360758,163.97577604573493
2024-04-12,161.7844941385998,156.58188317672477,152.17418526894878,148.79658632950083,144.44926765051335,138.45332635540754,133.23621921496192,132.35133465517816,136.73629443764244,143.13029603691805,146.46066391868285,144.01795366905853,137.41625378399013,130.5380378592926,125.67522144852326,121.83997077570365,116.92745931974812,111.36712666427783,109.2138054797474,115.09298148982961,129.64222474613914,147.86036345206892,162.23101135897875,168.02723112768632
2024-04-13,166.1527819073259,161.22368198941018,157.04063150396757,153.8337505850325,149.59870245573353,143.6526793603335,138.41990495738398,137.45125722641004,141.68261266844382,147.852222237207,150.8872867280879,148.0790751975631,141.04323098861718,133.66461796933405,128.23836125961583,123.78062976531307,118.19135678065085,111.90545343860002,108.98388136277848,114.05884998116221,127.7751775349678,145.1393878285214,158.64315463885865,163.56787714353976
2024-04-14,160.82583565212462,155.04165958494863,150.02465378402167,146.01343973443556,141.0119822992663,134.34548105087413,128.44578094586157,126.87090750125759,130.56332830652244,136.2672523121388,138.91513554146627,135.80273765562157,128.54937468700766,121.04272120951354,115.57981675684158,111.17782422479661,105.73673683496325,99.6905885983775,97.09853469097897,102.59006711117274,116.80640445145693,134.74962748222188,148.90617202700267,154.55146190144768
2024-04-15,152.59113052004815,147.64256234736905,143.50729938886337,140.41576836091116,136.36339811080302,130.66660530264858,125.7483019917469,125.15752909473653,129.82781643196932,136.4945796143633,140.08172127051088,137.8767799226696,131.49127074359515,124.8055704345247,120.11000007443445,116.4156527970394,111.6171620753359,106.14396486196333,104.05142540614483,109.96608465058132,124.52707367645759,142.7352626795256,157.0767568340968,162.82752185541202
2024-04-16,160.8945880152157,155.89756404432688,151.6410065339217,148.35910096817847,144.0517245879773,138.040369817763,132.75358268986884,131.74652116187545,135.95923497528082,142.13397833375936,145.20172397583326,142.45722303375933,135.51925603144696,128.27542837650728,123.02316530261385,118.78045420166583,113.44853117057971,107.46306701481359,104.88521945990192,110.34681733302446,124.49171595300948,142.32489589080137,156.33591703008847,161.80351120758752
2024-04-17,159.63676253357357,154.45660706263504,150.06819753333824,146.7055892966054,142.36781750278513,136.37484401586,131.15302812607183,130.2547254745525,134.61661624287387,140.9770732149026,144.26273750227858,141.7636454847287,135.09355139878926,128.13479795888443,123.17938895567939,119.2398107303903,114.2117982869475,108.52560023491768,106.23710825983835,111.9731158588412,126.37274460781444,144.43660917065503,158.65033213414048,164.28919112896236
2024-04-18,162.25934664232327,157.1793815658051,152.85269768371467,149.5122248115128,145.15651235909104,139.10568160772482,133.78689271027054,132.75393089180062,136.94551307752448,143.10262585322815,146.1550629560069,143.39650636295698,136.44479602448777,129.18674133790796,123.91912909673626,119.65947567882924,114.30872016792873,108.30241357094809,105.70177085038348,111.13885154914206,125.25790831623556,143.06447560863467,157.04881066266432,162.4904702184145
2024-04-19,160.2994723499578,155.09777535425215,150.6916197389895,147.31618978142103,142.97166510098396,136.97914111277316,131.76607284421016,130.88584694185658,135.2760833535311,141.67597770424268,145.0128525756466,142.57726163490338,135.983291424328,129.11341355200446,124.25954154870782,120.43383958197711,115.53147904006308,109.981897382143,107.83992512003101,113.7310457856756,128.29282720532882,146.5240953234503,160.90846159961288,166.71898636980956
2024-04-20,164.85942642562526,159.9457976679946,155.7787978043473,152.58854451342935,148.37069853099135,142.442449581793,137.22801877360823,136.27828150272478,140.5291116558745,146.71875754116294,149.77441727711616,146.98735721241007,139.9732179517643,132.61686059316165,127.2134074577447,122.7790246211946,117.21364251819863,110.95216939087345,108.05556394417775,113.15603265696738,126.89839079213456,144.28915914634854,157.8200084603357,162.7723348465319
2024-04-21,160.05841552106716,154.30287678192107,149.3150203212798,145.3334644460303,140.3621708134099,133.72633576226224,127.85780098882302,126.31458872198337,130.0391632363914,135.775730141147,138.4567420915521,135.37795535441182,128.15868254157306,120.68659478093885,115.25872813389188,110.89224199893474,105.48712607497755,99.47741082570704,96.9222478536465,102.45112556096328,116.70525891852057,134.68672504997178,148.8819561123129,154.5663722250603
2024-04-22,152.64560308704895,147.73702942289458,143.64218947515087,140.59150617430382,136.58040455930237,130.92529746394086,126.04909309041423,125.50082848085637,130.21402955938777,136.9241080192988,140.55496255007984,138.39412771450986,132.05311470479694,125.41229622122997,120.76198932152677,117.11328309854522,112.36080696424082,106.93399379072329,104.88820372787868,110.84997359965863,125.45843034977749,143.71444001790928,158.10410360447557,163.90338263214167
2024-04-23,162.0193031627552,157.07146969955406,152.86443458908076,149.63237905277705,145.37517605351073,139.41431372050866,134.1783337742069,133.2223898447233,137.48652733017155,143.71299607546106,146.83276444453602,144.14057918083407,137.2552164041572,130.06427710393655,124.8651820800457,120.67591427879444,115.39770533625634,109.466221583639,106.94261625964357,112.45871369114028,126.65836468407772,144.54654528392024,158.61281083722432,164.13588863095046
2024-04-24,162.02485821445396,156.90065106986705,152.56841535214537,149.26220181759285,144.9810410114296,139.0448901825238,133.88010399522824,133.03903345543503,137.45835409983826,143.87643405818145,147.21990977862365,144.77881296917764,138.1668931858651,131.26648845439712,126.36959786877233,122.48870306588013,117.51953433798758,111.89233557551229,109.66299373841494,115.45829759144132,129.91736397148134,148.04080279760612,162.31423190533178,168.01292417091753
2024-04-25,166.04303531823797,161.02314347314046,156.75664564828037,153.47646688372012,149.18115180923928,143.1908169221974,137.93261758789478,136.96033424058174,141.21267901120228,147.4306336886711,150.5439872105041,147.84641675190682,140.9557574594667,133.7588139245654,128.5523681338099,124.35393165624949,119.06443876631798,113.1194356607381,110.58013249147962,116.07858399039378,130.2590379959699,148.12702415474152,162.17279489329027,167.67590214290237
2024-04-26,165.54635917000206,160.40611946547,156.06141873201656,152.7474364448597,148.46434742237932,142.53324228231668,137.38157125678626,136.56271620038868,141.01429227197212,147.47549031135821,150.87362811874692,148.4992545839093,141.9664514762595,135.157685635189,130.36486582836497,126.6001514645251,121.75870917902438,116.26997168371713,114.18876474899352,120.140567171422,134.76294204846337,153.0547106023684,167.49947957752852,173.37030460194097
2024-04-27,171.5709377667468,166.7173902801938,162.61035516461254,159.47994542245482,155.3218171212653,149.45315532651156,144.29817649553618,143.40775138383256,147.7177492460124,153.96641376942597,157.0809384598851,154.35258506488228,147.39698959812958,140.09900857726603,134.75375975455714,130.37740464741384,124.86986914410522,118.66605695221583,115.82692225393765,120.98466701712441,134.7841020082745,152.23174353746336,165.8192578733898,170.8280366696996
2024-04-28,168.1703526968868,162.47082782113642,157.5387593166787,153.612761086664,148.69679039896377,142.1160392177764,136.30234487952583,134.8137252684321,138.59264032994645,144.38329135908634,147.1181267137003,144.09289837836397,136.92691469959067,129.50784255613786,124.13271377703589,119.81868354544318,114.46573736197062,108.5079015096954,106.0043234280013,111.58448737375682,125.88960418949694,143.92174689325302,158.16734354831868,163.901810203852
2024-04-29,162.0307725061719,157.17160714566307,153.12584835152995,150.123915059419,146.16122833409685,140.55419705342527,135.72572548629157,135.22484676050436,139.9850829068607,146.74184174597863,150.4190181161705,148.30414274987123,142.00872303070318,135.41312787187684,130.80767056596207,127.20343646270949,122.4950512532689,117.1119441114254,115.10947151139763,121.11416662425057,135.76515276376898,154.06329236336862,168.494682839921,174.3352821568736
2024-04-30,172.49211284024548,167.5847758815786,163.41782013985238,160.22542337320246,156.00745510590679,150.08540005343116,144.88779654624565,143.96979485140892,148.27143702795956,154.53496960715393,157.69135766613167,155.03534468523458,148.18570354870084,141.03003203616186,135.86574776352737,131.71083051992184,126.46650881078925,120.56844586360893,118.07779183973872,123.62636801653584,137.85802217715025,155.77772737173478,169.87503597914318,175.42867234636742
2024-05-01,173.34771311077048,168.25308686998505,163.94993892334142,160.67231719929973,156.41924944382703,150.51069013497633,145.37299119556124,144.5585009181266,149.00389215531357,155.44753038205056,158.81604942085377,156.3994783835371,149.8115642593731,142.93464253743252,138.06070980436877,134.20224521935705,129.25497662812785,123.64914550404762,121.44063642008021,127.25623578499125,141.73505810998665,159.87771101792515,174.16981008308096,179.886625945411
2024-05-02,177.93431212755786,172.93144458405305,168.6814181872489,165.4171558689435,161.13720018149868,155.16166557643373,149.91770540536263,148.95909811989534,153.2245539005106,159.45505261765533,162.58038132233452,159.89421533537174,153.01438798104957,145.82770206119216,140.63093780461568,136.44160505548774,131.1606363957858,125.22357636261442,122.69163348052332,128.19686088745237,142.38350486040534,160.25709351738286,174.30787778961482,179.81540814611807
2024-05-03,177.68969642433808,172.5526947189067,168.21063737055889,164.89870252450945,160.61706370396834,154.68681026416624,149.5353912087007,148.71618719653148,153.166812225427,159.62645600755843,163.02243524869186,160.6452977788615,154.10912434099242,147.29638078209476,142.4989749113111,138.72906521314184,133.88181743244178,128.38666342453422,126.2984281379017,132.2425895809031,146.85671009709256,165.13961018889464,179.57489591561486,185.4356222537573
2024-05-04,183.62554067770742,178.76066181319578,174.6416781343479,171.49870212959857,167.32738938702852,161.4449245272963,156.27552359675536,155.3700569747377,159.66439357402206,165.89677677470976,168.99439980931587,166.24852418750743,159.2747857179193,151.95804074954165,146.5934068991815,142.1970455839224,136.66888262512884,130.44382169908027,127.58281699076012,132.71807050499547,146.49439307979435,163.91830113099584,177.48146106741382,182.4652647186871
2024-05-05,179.7819850629085,174.05624421018285,169.09733971249932,165.14388578470545,160.19984004110012,153.5903948264461,147.74738789162794,146.2288375698093,149.97720428940303,155.7366898626421,158.43974319810422,155.3821168660176,148.18311983181025,140.73041962737605,135.3210487686855,130.97216315991065,125.58374905631818,119.5898335291057,117.04956484014525,122.59242810194841,136.85963504637417,154.85325961423425,169.0597308255401,174.75446571900335
2024-05-06,172.84309096412858,167.9429843079019,163.85568106915878,160.81160130657008,156.80616724022528,151.15578893778252,146.28337188950624,145.7379504781815,150.4530480223878,157.16407366271866,160.79492359059006,158.63312992392744,152.2902014644727,145.64650857557595,140.99236603291513,137.3388607007677,132.58061981745664,127.1470741358937,125.0935817414107,131.04667744775693,145.64548624345144,163.89087226816181,178.26893467659033,184.05563320154664
2024-05-07,182.15799216957717,177.19561440441655,172.97305062764687,169.7244804918201,165.4497754460604,159.47042216164843,154.21496095552467,153.23854411191107,157.4812157370358,163.6852244409802,166.78153740807872,164.0649002572596,157.15408804150204,149.9367007369031,144.71015818898087,140.4924424435447,135.184784293441,129.2228492813506,126.66778991533032,132.15142984671286,146.31761926240523,164.17133364480839,178.2021278338385,183.688728666155
2024-05-08,181.54021529697079,176.37751887049527,172.00578725997127,168.65907099654896,164.33640045620123,158.35773277485183,153.1494225606194,152.26382081893672,156.63760314227542,163.00913777262866,166.3050613264823,163.81540573630912,157.15392083885123,150.20294499665127,145.25447769684962,141.32100102436527,136.29824577721783,130.61645640699015,128.33152048938535,134.07022746289078,148.47169489270004,166.53653348137055,180.75036190721437,186.38845393946906
2024-05-09,184.35696625459335,179.27447798543164,174.9443872064469,171.59962007624583,167.23872239788346,161.1818118961312,155.8560452211026,154.81520414523445,158.99800219335214,165.14542260275817,168.1872558149136,165.41718056297574,158.4530336065126,151.18162120458783,145.89972706537645,141.62486453434616,136.25796971623828,130.23459069274816,127.61593955397086,133.0340730246239,147.13324098923462,164.9189751943493,178.88153021972585,184.30046020372296
2024-05-10,182.08578067291924,176.8594474311219,172.42769854781022,169.02571591644158,164.65367682783648,158.63267442379038,153.39016151341892,152.47952257982965,156.83837546355224,163.20591373681486,166.5094579859052,164.03955993607352,157.41030424513426,150.50416069204192,145.6130410339254,141.749107722065,136.80753048356553,131.2177451730277,129.03458075435907,134.88351926751,149.40212710332275,167.5892288276558,181.92843457797693,187.69280342492448
2024-05-11,185.78609095151054,180.8243119070914,176.60816290394115,173.367760582872,169.09876469862692,163.11836405222382,157.8507788841104,156.8468837811895,161.0425518770893,167.17603078526622,170.17451798509927,167.32927924495374,160.25595464491622,152.8394048171919,147.37475167399106,142.87816093848772,137.24956275071222,130.92386511626157,127.96202655980886,132.99625343745498,146.67136094816448,163.9938698792522,177.45545102091253,182.3375005939647
2024-05-12,179.55229597724798,173.72446369039193,168.6633057046783,164.60744066244376,159.56083061421003,152.8486723492212,146.90280807118157,145.28126057349553,148.9264947525822,154.58271689610658,157.18238039515452,154.02124230926768,146.71861609985913,139.16217380145704,133.64895243829207,129.1961124290545,123.70364454917109,117.6055803955735,114.96107276049949,120.39961129246666,134.5624122637252,152.4515541597612,166.55347054975192,172.14358302539281
2024-05-13,170.1275228133835,165.1226722204665,160.93057112942014,157.78164416531428,153.67131811754217,147.91600762548964,142.93862275392038,142.28820246143974,146.89827464465642,153.50425302367444,157.03003837068573,154.76316738561036,148.3151534526704,141.56637151883143,136.80714094305114,133.04855317338203,128.18524003175165,122.64663685433634,120.48810630864861,126.33618779039274,140.83001086858107,158.97044426184368,173.24359170247828,178.92541749906852
2024-05-14,176.92295055187645,171.85579825559023,167.5285159008717,164.17528770598238,159.7959896829015,153.71211306234602,148.35220271753886,147.27141548477647,151.40980001832978,157.5096094724945,160.50181557095956,157.6811684674183,150.6664477445104,143.34525790311457,138.01502330756102,133.69373051749614,128.28261483237532,122.21734629709461,119.55908191431315,124.93964982309525,139.00290469347226,156.75382648027977,170.68197449130344,176.06608002232767
2024-05-15,173.81522668029638,168.55035005297796,164.07660244896317,160.62803882593116,156.20369397797236,150.12352945035323,144.81390425070325,143.827173775041,148.10001799658252,154.37080952830763,157.56618934715286,154.97619373638716,148.21457687240303,141.16368144682824,136.11551126477553,132.0825527180911,126.96054090001024,121.17972454555702,118.79599550236566,124.43614746835783,138.7393022549823,156.70607480186393,170.82208800681923,176.36261984836835
2024-05-16,174.23383119888368,169.05430537244885,164.6274446127228,161.18617923231722,156.72905917467872,150.57620629083698,145.1547813420668,144.01857019761795,148.10629046406785,154.1589294454033,157.10628163386102,154.24202979858748,147.1840147187466,139.81904665716502,134.44391330950026,130.07613199236658,124.61664276502843,118.50099764644804,115.79041264771752,121.11694839671247,135.1248586638311,152.81967906370298,166.69166802674647,172.02038352343
2024-05-17,169.71584489452454,164.40001173954408,159.87912590505678,156.3883730424312,151.92793418181046,145.81890618547706,140.4887455618436,139.49084047607403,143.7628124295567,150.04385863582016,153.2613033018673,150.70570175400016,143.99114223017014,137.00009806870443,132.02448456535043,128.07646768884948,123.05122066293947,117.37818281605061,115.11218656637779,120.87871738480278,135.31534507173782,153.4208975803119,167.67898841300547,173.362679983089
2024-05-18,171.37573119338396,166.33416009054093,162.03866656062183,158.71937049562953,154.37193487787184,148.31355171251565,142.96844442044065,141.8874907455137,146.00656695389227,152.06392376772166,154.9867617507461,152.06634973124966,144.91833082472976,137.42756867377398,131.88918817664694,127.31935801685337,121.61801127001442,115.22005885188841,112.18646217190309,117.14943044488297,130.7537817031961,148.0060395405552,161.3978775311433,166.21069464815054
2024-05-19,163.3567709999609,157.460735809158,152.33189372109945,148.20886602856058,143.0956174035884,136.31734723051474,130.30590028089895,128.61930188894425,132.2000194642435,137.79226178031135,140.32848468635137,137.10444767232312,129.73946660219826,122.1212158848727,116.54673489131275,112.03318635812886,106.48056335071877,100.32289972747854,97.61935051353777,102.99940756142439,117.10428931893648,134.93607641800511,148.98120454534495,154.51509738114385
2024-05-20,152.44338821131257,147.38346137274218,143.13685874862648,139.93400693481456,135.7703346626664,129.96225848321353,124.93269034340221,124.23067105354262,128.78973033308012,135.3452836938699,138.82123367046964,136.5051186945775,130.0084538520016,123.21161576092464,118.40492542104454,114.59947589072183,109.68990057145726,104.10563634849338,101.90204740755335,107.70567463171889,122.15564904639209,140.25284079605345,154.48335500716345,160.12315735205155
2024-05-21,158.07927806316835,152.9713258363826,148.60385723217038,145.21105770723838,140.79280448075912,134.67058995906172,129.2729601596086,128.1550730313451,132.25697830980337,138.32093019825285,141.2779014386322,138.42264317060372,131.37393593040525,124.01938514219711,118.65641606059808,114.30301610403083,108.86042139858574,102.76430278420085,100.07581802636298,105.42679599496986,119.46109205869597,137.18368683935577,151.08414027847243,156.4411842762842
2024-05-22,154.16390300829286,148.87323260107837,144.3743258692554,140.90123824422906,136.45300496178183,130.34958797645186,125.01734667301758,124.00863679237706,128.2601386204694,134.51022505031898,137.6855373072832,135.07611189020355,128.29570315916197,121.22665395696423,116.1609682076813,112.11113238992266,106.9728816513032,101.1764647491234,98.77777352096138,104.40360162243286,118.69307079032106,136.64679585780019,150.750399583352,156.2791597746914
2024-05-23,154.13923710090646,148.94921464059237,144.51249436994033,141.06200630208974,136.59630004822273,130.43549709608587,125.00675781139817,123.86386763524102,127.94554371489576,133.99277286251413,136.93534904695716,134.0669544820639,127.00542935981454,119.63758332444073,114.26020342070757,109.89080628309043,104.43033125694336,98.31432961595635,95.60401659379121,100.93145201026067,114.94088879567278,132.63786169331752,146.51262823105046,151.84474544547916
2024-05-24,149.54423171244522,144.23304563488807,139.71742803245422,136.23256349808955,131.77863197260217,125.6767291980512,120.35431053222509,119.36476295830624,123.64570676495887,129.93633792378702,133.16397936730795,130.61918511818075,123.9160420803298,116.93702222664083,111.9740394588244,108.03925832040628,103.02785058017338,97.36925408169915,95.11829972809046,100.9004714458708,115.35333746120239,133.47572412314065,147.7512433008514,153.45295574483114
2024-05-25,151.4846186659459,146.46224838932147,142.18654305080378,138.88762076290934,134.56114269957413,128.52429902870335,123.20131130575815,122.14305537978322,126.28540559414023,132.3666107197514,135.31386934081152,132.4184482779072,125.29598861074487,117.83135191863218,112.31966100805946,107.77708244350124,102.10354715398857,95.73396388151961,92.7292918331332,97.72173799603127,111.35611814663841,128.63895359594594,142.0619156088115,146.90640082234418
2024-05-26,144.08468698268814,138.22140092244183,133.1258448727316,129.0366376842404,123.95774156209902,117.21435339634311,111.23831544043111,109.58765048362449,113.20482336542975,118.83404026410754,121.4077544079569,118.22172264175579,110.89525815900829,103.31603267343303,97.78108283627266,93.30756864017118,87.79548038216844,81.6788491279123,79.01682708646867,84.43890327005187,98.58629326252627,116.46107480838451,130.5496806840157,136.1275316354691
2024-05-27,134.10025799200028,129.08524111085788,124.88401987297414,121.72701784917184,117.60966072366367,111.84836197873292,106.86603046876414,106.21170389189638,110.81890883244373,117.42305764568252,120.94804968921702,118.68142019524552,112.23468103010886,105.48820557170279,100.73231155757776,96.97808876557244,92.1201672949212,86.58798070879831,84.43688985131104,90.29343224394378,104.79673553097987,122.94766645629353,137.23232672716875,142.9266785769958
2024-05-28,140.93774878109213,135.88514255936627,131.57341297800295,128.23674198094372,123.87500325679576,117.80968566371534,112.4693316527854,111.40909558952055,115.5690236085968,121.6913662956525,124.70709275748496,121.91095048276043,114.92171633970797,107.62699206833722,102.32419922331147,98.03132150621656,92.64959131224657,86.61467573350964,83.98772877333889,89.40057552404194,103.49706756169238,121.28218170105164,135.24547406205602,140.665672709234
2024-05-29,138.45185796814908,133.2249621021714,128.79013404757646,125.38142534601876,120.99786732900694,114.95941803411515,109.69243291636568,108.74926377457314,113.06658693975302,119.38277133824236,122.6244542165871,120.08166808309099,113.3681632959746,106.36627868445603,101.36801414862676,97.38585213140047,92.3155237346348,86.58727365927749,84.25698967636258,89.95146136477261,104.30980637494854,122.33263544411909,136.50556722542328,142.1038754121733
2024-05-30,140.03371655006225,134.91366958584976,130.54713235480259,127.16703072164988,122.77191014059503,116.68188793479833,111.3241202978675,110.25238849094086,114.40540547498183,120.52415386834831,123.5384234395695,120.74189219559881,113.75239611547362,106.4567406240624,101.15170854159723,96.85481227168714,91.46698692398377,85.42377953116416,82.78640108112387,88.18690714279819,102.26954639164754,120.0398493115973,133.98806916715134,139.39375872794596
2024-05-31,137.16693209905787,131.9295436097272,127.48782980207532,124.0769709894329,119.69714282987488,113.66943678035028,108.42130391134887,107.5061269169779,111.86152179472506,118.22668022376402,121.52892084273122,119.05879337968034,112.4303804419621,105.5261497067578,100.6380107790699,96.77812390536941,91.84165655694767,86.25804228147251,84.08210768574668,89.9393324002728,104.46728035836844,122.66477361443027,137.0154197459022,142.792275213435
2024-06-01,140.89909293931893,135.95188496245706,131.75134513471676,128.52758728707516,124.27626831486167,118.31457411008842,113.0667219557356,112.08358343173461,116.30102861600716,122.4573020175846,125.47959796347146,122.65917902077663,115.61168202066061,108.22196429838701,102.78514442146226,98.31738472066914,92.71861189651685,86.4237304684163,83.49369542648896,88.5607095471297,102.26958440114106,119.62683710454667,133.124134727825,138.0428697249181
2024-06-02,135.29531566458076,129.50609520977412,124.48450642936803,120.46916401955832,115.46402603917205,108.79428523996938,102.89177974580778,101.31452822479177,105.00499140462215,110.70737135991797,113.3541172256812,110.24098176215388,102.98727408845673,95.48066185368751,90.01817765456414,85.61697743969532,80.17704747244886,74.13241479582098,71.54222760708993,77.03597091773854,91.25485632234856,109.20095758797257,123.36070352475576,129.00951092523047
2024-06-03,127.05300617679761,122.10856670756979,117.97772748174228,114.89090816624119,110.8435305545733,105.15200425119221,100.23923424629538,99.65425438735942,104.33058742179004,111.00364188210112,114.59731331710663,112.39913316466411,106.02060951182533,99.34211197034284,94.65395452884218,90.96722322992285,86.17654445364369,80.71134805818295,78.62699120017099,84.55000772851963,99.11952163118238,117.33639601185291,131.6867289542261,137.44647908477094
2024-06-04,135.52266958880966,130.53490211276826,126.2877261672017,123.01532015730672,118.71755425065517,112.71591380188968,107.43893777702343,106.44177707390719,110.66447437805414,116.8492768444758,119.92715016779206,117.19283844329976,110.26511516470507,103.03157871692483,97.78964731821668,93.55730135365437,88.23576992137654,82.2607168366443,79.69329284413352,85.16531980014088,99.32064606334586,117.1642452507579,131.18567030928497,136.66364614519293
2024-06-05,134.50724995071744,129.3374108755392,124.95927476401661,121.60689008685536,117.2792851261366,111.29641489163265,106.08463183281788,105.19628476416267,109.56804705489827,115.93828469174201,119.23363200399848,116.74411860519974,110.08349198142,103.1340881129453,98.18790407317528,94.2574195019561,89.23836272111578,83.56097567508834,81.28114340149199,87.02565276989435,101.43361874500823,119.5056494019426,133.7273607560555,139.37402388693843
2024-06-06,137.35179275098469,132.2792437295989,127.95977211800619,124.62630126426248,120.27737413205566,114.23310557805917,108.92064935465433,107.8937843068438,112.09122100456574,118.25393970083613,121.31172782364847,118.55826106578574,111.61137311728908,104.35786714027373,99.09452371670075,94.8388530401046,89.49178803473234,83.48887357405829,80.89131851376256,86.33117631646456,100.45269357791852,118.2613987288137,132.2475430075842,137.69067718395624
2024-06-07,135.50081339047495,130.29990401063804,125.89418366791872,122.51883078391212,118.1740191524541,112.18083839376322,106.96673776845611,106.08509818863008,110.47353389728144,116.8712348467759,120.20551797627488,117.7669313427904,111.16955591009847,104.29585773981177,99.43774484930793,95.60737592583253,90.69991690927935,85.14479984408348,82.99684986243976,88.88154514851922,103.43644821739966,121.66037973381455,136.03694591406563,141.83920188754246
2024-06-08,139.97089927137452,135.04804882987975,130.87134316861,127.67089490088756,123.44235973331959,117.50292239845302,112.2767990480648,111.31486016034715,115.55297474041498,121.72938625363633,124.77128801206997,121.96994159766246,114.94098288521647,107.56926828290861,102.1499154603816,97.69908588006939,92.11670540327248,85.83767773929657,82.92295709817157,88.00474550511109,101.72785380925342,119.09879843437331,132.60924578850762,137.54058769211093
2024-06-09,134.80509711052466,129.02739613240132,124.01678228205294,120.01186974082064,115.01661608124755,108.3562136001259,102.462499994459,100.89349353583805,104.59165458459972,110.30118487795906,112.95453324297587,109.84745216149528,102.59925050399417,95.09759570023618,89.63952015774943,85.24217966485446,79.80556035466937,73.76368916943775,71.17571423520914,76.67112052167849,90.89111961130828,108.83778528850488,122.99754641026765,128.6458198455311
2024-06-10,126.68823208748056,121.74216069966586,117.60914081063581,114.5195922816915,110.46893712960528,104.77358521165749,99.85644180005556,99.26654105388768,103.93740606061031,110.60444572362366,114.19155598976923,111.98626872529897,105.60009247472365,98.9133973357562,94.21649781279545,90.520480492319,85.71997232774032,80.24440377944583,78.14913263496659,84.06069340224411,98.61821075950814,116.82254852579146,131.15980553110546,136.90594117634132
2024-06-11,134.96797944955014,129.96552282872773,125.70312168367738,122.41495530800297,118.1008947853981,112.08242641500672,106.78809013541866,105.77303784531853,109.97731325878357,116.14316458750473,119.20155861058757,116.44724053558399,109.49898499621634,102.244391544862,96.98087959521587,92.72643075470165,87.38227537159888,81.38407853854909,78.79299230482913,84.24083985823552,98.37147091539418,116.18986048190946,130.1855629142995,135.6373045592585
2024-06-12,133.4541640754271,128.25707210443107,123.8511760103286,120.4705258093868,116.11415135588936,110.10200925675642,104.86045358655969,103.94183480976164,108.28282797178377,114.62180076103033,117.88538923474661,115.36362475950364,108.67025660015638,101.68762254102425,96.70772148481672,92.74303492585072,87.68929306543097,81.97673975247613,79.6612619537818,85.36964849280427,99.74101631254028,117.7759754913748,131.96014407135323,137.5687951838944
2024-06-13,135.50808486067785,130.3965915825889,126.03771276812769,122.66437391217286,118.27512014904303,112.19006852953052,106.83637502232469,105.76782071380596,109.92311843709726,116.04325073084281,119.05800733368852,116.26106626868034,109.27026358060733,101.97240480809683,96.66427293180865,92.36338056617808,86.97066307801722,80.92166780552272,78.27760609046261,83.67053390305162,97.74470036787241,115.50563646605141,129.4435960068832,134.83813235241433
2024-06-14,132.59926024787868,127.34893471023675,122.89339301680096,119.4678162631684,115.0723809374437,109.02817937398301,103.76266356736984,102.82921718334438,107.16545723808198,113.51057647604952,116.79189464838676,114.29996264240675,107.64886427142358,100.72106846508922,95.80848612755759,91.92327885036974,86.9606154970592,81.34993105312682,79.14605360939801,84.97446432686478,99.4727287145399,117.63967044747965,131.95889877342486,137.7034718645142
2024-06-15,135.77714440103054,130.7959302263374,126.56052504068383,123.30104456973223,119.01314764752252,113.01402215004202,107.72788738880244,106.70561701649748,110.88308322855423,116.99853269587783,119.97916195090097,117.11623581087818,110.02539340034406,102.59149439218288,97.10965973430908,92.59605418192217,86.95060690297245,80.6082249271971,77.62986579809102,82.64773488832091,96.30664640727481,113.61312015183152,127.05882591604856,131.9251589190219
2024-06-16,129.12439553712986,123.28116128186514,118.20475711326291,114.13380065867865,109.07225294992833,102.34530975336682,96.38481224779667,94.74878219590391,98.37968346181803,104.02172129623683,106.60734805027033,103.43231973995309,96.11594878014078,88.54590615497315,83.01922783555474,78.5530731834464,73.04743191431768,66.9363345620743,64.27893285281132,69.70471536551725,83.85489730006151,101.73155606636843,115.82112415519029,121.3990220770309
2024-06-17,119.37087997437987,114.35407906709314,110.15015814783551,106.98954074860171,102.86765256383421,97.10090713488864,92.1122134250968,91.45060929002855,96.04962152009642,102.6446627273978,106.1596325729868,103.8820666430793,97.42347720600057,90.6642380904257,85.89466753461144,82.1258558646307,77.25243377651755,71.70383547900622,69.53542251095368,75.37373313550302,89.85789578978253,107.98877805464956,122.25248252514953,127.92497237174337
2024-06-18,125.91327535169884,120.83699771694107,116.50069361292823,113.13854611070369,108.75043007357782,102.65783558216529,97.28930635742032,96.19999808203734,100.3299582550726,106.42143887410816,109.40541050424281,106.57662214034558,99.55385220297984,92.22470403158476,86.88660082668082,82.55752798225166,77.13871963240945,71.06584465454944,68.40005888229254,73.77318928606586,87.829089363792,105.5727379006119,119.49369303122856,124.87068487779766
2024-06-19,122.61279587264849,117.34096042846193,112.86032967777433,109.40495740240249,104.97387721843188,98.8870494929499,93.5708320556545,92.57757912304092,96.84396948896605,103.10837458564123,106.29743420985587,103.70118346375645,96.93337534263902,89.87635135649282,84.82211412846847,80.78314886840641,75.65518948726609,69.86848353784923,67.47892168542337,73.11329644541516,87.41072844661895,105.37183144649373,119.48222716015573,125.0171923843701
2024-06-20,122.88288680961412,117.69789256821562,113.26561072258882,109.81897040368764,105.35652037424637,99.19838130566531,93.77171277838836,92.63029948255037,96.7128578460047,102.76037399457411,105.70264124283061,102.83334118244251,95.77031341711906,88.40036703319106,83.02028855175939,78.64759411613228,73.18322261261298,67.06272488708429,64.34731578079106,69.66905475092334,83.67219439893577,101.36226917138166,115.22953633193255,120.55355268563942
2024-06-21,118.24433640892111,112.92384593850034,108.39832195877847,104.9029489610489,100.43790681632485,94.32429122944583,88.98955755274656,87.98709279710299,92.25451731042037,98.53102715589455,101.74394538994562,99.18382619159536,92.46475665227152,85.46920896543553,80.48909728566251,76.53658643985658,71.50684851305951,65.82932169774878,63.558837276187276,69.32087958691511,83.75301730086862,101.8540772397827,116.10767178274665,121.78686221775425
2024-06-22,119.79540632509472,114.74932103246306,110.44930510793824,107.12547732933379,102.77349956634423,96.71056271323425,91.36088908454684,90.27535531844768,94.38983657868921,100.44258248756657,103.36079251167658,100.43573438483712,93.28305013080724,85.78760230355209,80.24451471480423,75.66995496486118,69.96385504900584,63.561124805970096,60.522724569785495,65.48086248478164,79.08035551365013,96.32772618738326,109.71464701532777,114.52251591272892
2024-06-23,111.6636119325918,105.7625632440935,100.62867344459511,96.5005627799992,91.38219488021997,84.59876808997139,78.58212614627584,76.8902933499723,80.46573608291686,86.05266209250972,88.58352620759268,85.3540868993758,77.98365901801358,70.35991596222384,64.77989609516582,60.26076115143461,54.70250319687915,48.539155094756865,45.82987087883623,51.20414141410318,65.30318416460082,83.12907878299822,97.16825998006189,102.69615046503452
2024-06-24,100.61838255639232,95.55233962800683,91.29956260401522,88.09047712532417,83.92051097292403,78.1060797517433,73.07009446603668,72.36159498941309,76.914110107372,83.46305440370055,86.93232948853462,84.60947287335868,78.10599872874984,71.30228276205044,66.48864506689371,62.67617780013185,57.75951346634055,52.1680880581695,49.95726487450105,55.75358391493947,70.19617532839186,88.28590838422767,102.50888734100167,108.14107700905416
2024-06-25,106.08950676086882,100.97378443930533,96.59846575628367,93.19773532462843,88.77146952501064,82.64115993055697,77.23535173006407,76.10920204930906,80.20275980561468,86.25827838941973,89.20672973456476,86.34286417871124,79.28546146082307,71.92212621314809,66.5502829039402,62.18791816968991,56.73626736154468,50.63100054886935,47.933274731610595,53.274918021118765,67.29978503062598,85.01285563540083,98.9036890341051,104.25101638781177
2024-06-26,101.96392114187098,96.66333869621846,92.15442114498649,88.67122320574816,84.21277940468448,78.09905099282192,72.75639665857514,71.73717145046291,75.97805496898326,82.21741942688351,85.38190537555283,82.76154864574312,75.97010293518125,68.88991043076965,63.8129744058259,59.751780694703186,54.60206380673873,48.79407186717118,46.38369608710403,51.99772950228744,66.27529323543772,84.2170015116522,98.30847648775583,103.82499537605548
2024-06-27,101.67271825658617,96.47022762460941,92.02092487994298,88.55773946437537,84.07922042542687,77.90548869308918,72.46370408070467,71.30765148457127,75.37604751286293,81.40987844574057,84.33893772590113,81.45690704708643,74.38162608894223,66.99990398799652,61.60852728909016,57.22501213377467,51.750297379567414,45.61993381931758,42.895136213683216,48.20796391382066,62.20266939102558,79.88478693256808,93.7445736192708,99.06158604704464
2024-06-28,96.74584215749712,91.41930012636192,86.88820035202328,83.38772701364292,78.91805964459375,72.80029358643017,67.46188380309451,66.45621689097516,70.72091275834362,76.99516700345674,80.20630219232007,77.64487198827509,70.92496294170972,63.92904668029725,58.949036767000706,54.997097412445356,49.968400060321514,44.29238223685145,42.02387453276555,47.78836057070768,62.223408279687945,80.32784371863627,94.58527847336043,100.26877301796893
2024-06-29,98.28208429364173,93.24122836336801,88.94690310775671,85.62922639160337,81.2838591478698,75.22799130973323,69.88584420662279,68.80829346758415,72.93121322326407,78.99285203914822,81.92040830076036,79.00514863787126,71.86271394607766,64.37796562778469,58.84602631967202,54.28306242383283,48.58900471393949,42.19876178365409,39.17329269950696,44.144804314858476,57.75811227864399,75.01973778515465,88.42135198479613,93.24435141070234
2024-06-30,90.40101371172514,84.51596563028352,79.39850931476407,75.28726353959244,70.18619044149193,63.420486850429924,57.42199496484673,55.74873752789135,59.343179340440614,64.94952654777163,67.50023235483597,64.2910535883034,56.9413034320758,49.33865359762959,43.78014073988736,39.28292486453546,33.746996287974554,27.606386101720474,24.920246550072676,30.31806668625805,44.44106214276351,62.29131072043435,76.3552452588071,81.90828657522891
2024-07-01,79.85606507710206,74.81596220741572,70.5895169399946,67.40715294590649,63.26429601719475,57.47735975109154,52.469253124572504,51.78901396558105,56.3701689952035,62.94813071429455,66.44679863132916,64.1537081384681,57.68037126841109,50.90716157275415,46.124396971489546,42.34316743041353,37.458103245219334,31.898638182111128,29.72013329694984,35.54912632856487,50.024745148363024,68.14785673042066,82.40456302525479,88.07082651289002
2024-07-02,86.05367422287799,80.97271163858792,76.6324920948229,73.2671978134925,68.8767027672631,62.782496106034316,57.41312057997392,56.323730861076385,60.454373397574116,66.54729909605153,69.53347739166742,66.70765610879897,59.68861245868213,52.363948531441025,47.03108623946022,42.70800964889082,37.29595152710907,31.2305793459972,28.57304749468382,33.95518146005638,48.02083321817375,65.7749799939526,79.70717832299084,85.09615669078752
2024-07-03,82.85099585450881,77.59262851402158,73.12620405085772,69.68577445792485,65.2703715258764,59.199953757889205,53.90087708348814,52.925493780659195,57.21048066900576,63.49420716904872,66.70331102939879,64.12782526752285,57.381500757730834,50.34667685291629,45.315353983164016,41.30001512899082,36.196391936867826,30.434729659578764,28.070916626689666,33.73174298306583,48.05632695194271,66.04527985012689,80.18422091771436,85.74842444204211
2024-07-04,83.64404756991044,78.4896698557144,74.08868975007658,70.6740337386962,66.24424790521569,60.119450208660496,54.7267974843935,53.62007164411219,57.73798630443669,63.821524747795436,66.80047741281292,63.96852298342982,56.94349812244157,49.61220894554367,44.271438970402585,39.93870130590997,34.51493177216267,28.435678119624612,25.762152061845427,31.12640989829154,45.17270104418107,62.906556726826096,76.81823096223636,82.18727728025337
2024-07-05,79.92371054943469,74.64948587134982,70.17084056644173,66.72295573292736,62.306007820520776,56.24108908439631,50.955651399879784,50.003078272430855,54.320986517497445,60.64856863831865,63.913144104918786,61.40526348257889,54.7390102228148,47.796852853188284,42.87070183571379,38.97271827951673,33.9980705261748,28.376192999750472,26.16191318856704,31.980711613024013,46.47015310008207,64.62906060758175,78.94104262021267,84.67915651257101
2024-07-06,82.74715612714812,77.761054429426,73.52154620409875,70.25874622184422,65.96831232284266,59.96743135029713,54.68032154546687,53.65785545168279,57.83590411693926,63.952713026059456,66.9354774878348,64.07546105790587,56.98830156152188,49.55885733412728,44.08224794927381,39.574636749993346,33.93595145490514,27.60109760726297,24.63103122748521,29.65795612767147,43.32668492025344,60.643735768624765,74.10077679693435,78.97920151815005
2024-07-07,76.19128456634563,70.36164967517902,65.2995959902375,61.24373928942612,56.198038719446146,49.48768812674696,43.54452673319928,41.926574312322074,45.57629270227417,51.237885094113125,53.84380174447327,50.68979654035216,43.39517973440415,35.847620113050795,30.344151416940775,25.90193074437333,20.420945513409436,14.335223926137147,11.703915346046927,17.15650595533893,31.334208524486385,49.239098001780505,63.35760438411073,68.96514565603418
2024-07-08,66.96734940243287,61.98159425353302,57.809416381407104,54.68123666560078,50.59247811748267,44.859551564495135,39.90536322539455,39.278948180512984,43.913830415180115,50.54541970616181,54.09761284955802,51.857942537128224,45.437918113232456,38.717910453919046,33.98823481531342,30.259978512575287,25.427769203415266,19.921038029469244,17.79514343348923,23.676620556949857,38.20459468581663,56.37993022253262,70.68872655999577,76.40694363451234
2024-07-09,74.44160594641502,69.41231646256773,65.12362601802904,61.80971434786912,57.470452953412334,51.42732852688049,46.10888137787116,45.07026375134892,49.25151968433862,55.39489768790577,58.4313648171417,55.65566653215278,48.68657769590361,41.41169806654723,36.12844724023623,31.85480698362346,26.492007781049708,20.475714838204212,17.86708029425,23.29792740380951,37.41210592733134,55.21459089135071,69.19493665055892,74.63186952705725
2024-07-10,72.43446813240722,67.22366303814539,62.804601516022785,59.41133346680334,55.04288860722164,49.019223385225956,43.76669169226528,42.83764378872121,47.168754493938735,53.49839124714222,56.753189835666404,54.223181333045204,47.522114690016764,40.53232735521385,35.54581787253559,31.575067358059073,26.515805611922502,20.79827606057161,18.478365227593144,24.1828614715142,38.55088124940859,56.58303413204993,70.76493763436778,76.37186433825333
2024-07-11,74.30996970618672,69.19783162871173,64.83884691341521,61.46594042363141,57.077656641831965,50.99411194717602,45.642461615793025,44.576486021835606,48.73489726564857,54.85867713499974,57.8776145949366,55.08538687822316,48.09982921775142,40.80774632128855,35.50592032071876,31.21186296034415,25.8265087192012,19.78540402756552,17.149759302019547,22.551629567000248,36.635262985136805,54.406189553685536,68.35466208154163,73.76023291368607
2024-07-12,71.53291575691732,66.29466457411097,61.85171556868366,58.43924874647604,54.05743948692255,48.027378998487805,42.77651813251168,41.85823939411911,46.21015862165065,52.57146736471131,55.86948416274727,53.394758674662754,46.761373468732515,39.85179621297175,34.957936533537634,31.091954727691785,26.149018348686113,20.55856105598248,18.37540959776537,24.225043777796813,38.745027730480444,56.93418374508633,71.27611966235267,77.04389223629536
2024-07-13,75.14125471358352,70.18421948792395,65.97348079651347,62.7391528867835,58.47689309991121,52.50388780498642,47.24435479305265,46.24916618136035,50.454192617333305,56.59767920894133,59.6068209128988,56.772880957194786,49.71149686427475,42.307526690962405,36.85608975746186,32.37334917732653,26.759232464874955,20.44864498362395,17.50254259909478,22.553128992802257,36.24521667173889,53.58532371832243,67.06511820058819,71.96599360022134
2024-07-14,69.20022454451211,63.39243478565528,58.35192351165223,54.31730656850675,49.29254319522343,42.60282735550433,36.67999841319494,35.08207630871897,38.75152307162135,44.432542109319996,47.05758391947144,43.92240265512575,36.64630885855847,29.11697163210559,23.631425056333768,19.206826594094423,13.743164051919479,7.6744660466414985,5.059882380030871,10.528899696629395,24.722731256321282,42.64345251792558,56.77749401556626,62.40027429510961
2024-07-15,60.41742152704148,55.44631495193002,51.28849137601678,48.17437233800017,44.09938153237269,38.37993049405898,33.438926173541844,32.82540440733503,37.47288996069365,44.11679341473483,47.68101239392078,45.45308044234925,39.04450778094129,32.3356661857386,27.616871837548572,23.899212999176143,19.077318300308548,13.580619878173422,11.464477194831233,17.355426434422725,31.89259394840694,50.07684523210776,64.39428078872895,70.12086169229765
2024-07-16,68.16361360314346,63.142140671506226,58.860994938466604,55.55435736890361,51.22210071657382,45.18571294912182,39.87373567449677,38.84132245873232,43.02851868308737,49.177574224551705,52.2194575277956,49.448915464202,42.484724330861226,35.21448534214828,29.93561957274389,25.666110290002067,20.30718950087426,14.294523955884245,11.689267360771652,17.123244558474482,31.240306919375257,49.04543110189826,63.02817311352972,68.46726095119311
2024-07-17,66.27177492219099,61.06264731515894,56.64502713999191,53.25296605651633,48.885495561623785,42.86257390395639,37.61055679649456,36.681796341700945,41.01296922152241,47.342444757802085,50.59686064127858,48.06624986850298,41.364363333970815,34.37354044820954,29.385781739181013,25.41357032514499,20.352638028510484,14.633230316556208,12.311235774402718,18.013444840256795,32.378976070005464,50.408441152675834,64.58745973944238,70.19130656787773
2024-07-18,68.12613927416062,63.010537941166916,58.64790158702614,55.2711573036307,50.8788518201992,44.79110378027296,39.435070742254624,38.36453538009559,42.518212111504084,48.637085058429335,51.65094553801622,48.853473151473054,41.86250551746298,34.56484974598685,29.257290387782476,24.957341622579733,19.56594038086675,13.518635561157538,10.87664006275017,16.272011410613516,30.349000282227337,48.11313920464215,62.05468353571902,67.45318817902846
2024-07-19,65.21866941878625,59.97308380884952,55.52267015902598,52.10261109565059,47.71308463317219,41.67518462923445,36.41636459890488,35.49000972431894,39.833738534895744,46.186745285045774,49.47635123226766,46.993108766861,40.3511032014202,33.43280496173038,28.530126443705868,24.655230727461955,19.70328816140021,14.103735212508482,11.911401448094608,17.75176950349848,32.26240635619719,50.44213714983242,64.77457259113395,70.53277231127734
2024-07-20,68.62049244517436,63.653748285214775,59.43323697861955,56.189075692199864,51.916924698020324,45.93397330523602,40.6644422556391,39.6592066261714,43.8541400338912,49.98749056581495,52.9864561667319,50.14230306177859,43.070671779138195,35.65642339088532,30.194680238512987,25.70160846814936,20.077138632864987,13.756179143350977,10.799688919426842,15.839874705075175,29.521552076600628,46.851242192815675,60.32061620511455,65.21107068524347
2024-07-21,62.434883357218396,56.61668107563142,51.5657661378049,47.520757504406475,42.48561753493499,35.7855433190183,29.85237735214355,28.244142710904512,31.903304566192503,37.57406947153105,40.18889107511937,37.04352668486196,29.7572900019328,22.217853291807472,16.72225380126565,12.28765216347523,6.814039358197874,0.7354471788112278,0.0,3.570273467555211,17.75439820669513,35.665481469159445,49.78995697779385,55.40324647057514
2024-07-22,53.41098130880303,48.43054392748981,44.26347432798549,41.14019724502248,37.05613957001597,31.327716035849278,26.37783679064478,25.755540869320882,30.394356235375,37.029696668071736,40.585462989229754,38.34919194030289,31.932396938304706,25.21545295446539,20.488679363449677,16.76316762078612,11.933549546903123,6.4292604677819725,4.305663032754012,10.189296610423582,24.719290734424263,42.89651407928365,57.20707032511815,62.92692371897779
2024-07-23,60.96310309166597,55.93521575978244,51.6478169273324,48.33509071802773,43.99691303985901,37.95477501155196,32.63722138642325,31.599408871548576,35.78138598415114,41.92540573210158,44.9624396850769,42.18723783457688,35.218579591499804,27.94406927810222,22.661131070630077,18.387751331762786,13.025165156992912,7.00904237821112,4.4005397761352185,9.831485260886495,23.94573326264471,41.748263491827444,55.72863500050968,61.16557882146198
2024-07-24,58.968178289952974,53.75736871396599,49.33830211407454,45.945033151570215,41.57659631594963,35.5529528393552,30.30046140815081,29.371477088883054,33.70267951717362,40.03244095980838,43.287402039804746,40.757598677291284,34.05678467905901,27.067302356747447,22.081155128533027,18.110828991463478,13.052058635296675,7.33509238260487,5.015821662373355,10.721039743421159,25.089868002597626,43.122920933642305,57.3058209821254,62.913845666559524
2024-07-25,60.8531553909001,55.74233299263082,51.38478023047735,48.01342692388445,43.62682251529277,37.54508834750639,32.19538466382633,31.131496808891242,35.29214185607606,41.41830656837763,44.43978488890741,41.650259029542525,34.66756920435749,27.378525102848087,22.079913840006327,17.789252143182082,12.407479474718926,6.370147248653865,3.7384708632569073,9.14451032544909,23.232518778231153,41.008031196753194,54.961305369952115,60.37189861496272
2024-07-26,58.149829612046716,52.91705729302517,48.479822827950784,45.07331118543807,40.697702703828995,34.67409354521236,29.429939512033727,28.518628054119176,32.87777994950804,39.246591682256366,42.55238672013927,40.08571964415849,33.46067793812746,26.55973417879669,21.674802893684657,17.818049273591924,12.884645757761888,7.304030883400742,5.1310362674092005,10.991146573700945,25.521930787557537,43.7222160391934,58.07561500059758,63.855189246839686
2024-07-27,61.96469683500253,57.02015495814899,52.82226264169812,49.60113890918021,45.35244586682499,39.39337463598899,34.14814774680484,33.16764204405935,37.38773288830906,43.54667008692273,46.571653283649496,43.7539503772968,36.70920354752677,29.3222754939313,23.888290162312046,19.423415278684317,13.827582952384574,7.535703126388427,4.60873622847933,9.678890486223992,23.390982934897536,40.75153616812851,54.252222746757354,59.1744406276936
2024-07-28,56.43046889481228,50.64493573755517,45.62714476284701,41.61571621545579,36.614613713685856,29.949035580236327,24.05082551793629,22.47800778499912,26.173048707955545,31.880155969569813,34.531784321744965,31.423692149097064,24.17519420363601,16.673963774825552,11.21703910721348,6.821581803838541,1.3875837891621927,0.0,0.0,0.0,12.491124292580054,30.444187837429453,44.61111917820601,50.267340806417934
2024-07-29,48.31848480875482,43.38193431844917,39.25923000599414,36.18079724905532,32.142063553021714,26.459444236686565,21.55585000616692,20.980320426016036,25.66638396115316,32.34945486351786,35.95343439968656,33.76585972677886,27.39824464919687,20.73096449664854,16.05433897351668,12.379459836297642,7.600959177309903,2.1482725656555033,0.0767628645222942,6.012969627353755,20.596022543215113,38.826790413328396,53.191377014501796,58.96574666176136
2024-07-30,57.05692822407721,52.0845290268952,47.85310425370517,44.59683797726507,40.31560602622251,34.33089940934843,29.071262741126574,28.091852558589224,32.332717180696505,38.53610938633119,41.63300048643049,38.918140183843875,32.01030757077861,24.797106621040882,19.575961131957214,15.36485705749169,10.06502905428951,4.112146485320807,1.5673656317776476,7.0625138747275,21.241445084647793,39.109138382037486,53.155152198885574,58.658216917585875
2024-07-31,56.52741519289593,51.38368162151123,47.03216748294973,43.706926666769576,39.4069928604448,33.45232646362108,28.269285300332285,27.410223543662923,31.8118199058341,38.212445699859146,41.53874056449787,39.0807394056128,32.452194983908825,25.535448537065307,20.622502376813145,16.72584136450253,11.74119902283583,6.098822478435466,3.8546019327622503,9.635329397495411,24.080124961865977,42.18960180150455,56.44938101389128,62.134738739188194
2024-08-01,60.1518339728601,55.11924811337491,50.840381450790815,47.54816230542535,43.241138590546825,37.23943008963978,31.97019545715635,30.98721841821333,35.229214397001215,41.43716847757135,44.54087289401757,41.83400811942549,34.93441259921845,27.72889422483972,22.514238282941392,18.307959643325773,13.010995881120593,7.0588964936651735,4.51287493258161,10.004989229434557,24.179490521002478,42.04191175094397,56.08250864154786,61.58083641815375
2024-08-02,59.44691163912931,54.30269108493789,49.95441374600138,46.63726238183844,42.35141509255644,36.41796577417135,31.26436793366429,30.444006696817354,34.89450048950118,41.35504341462564,44.752956530387436,42.37879198046218,35.846634782730135,29.038955019891446,24.2476646973208,20.484926456044022,15.645910157295972,10.160051732433914,8.082180165353435,14.037777458914135,28.664409909959573,46.96090193272863,61.41086345655188,67.28735328583073
2024-08-03,65.49412668050898,60.647198009320235,56.547263446531844,53.42443913764588,49.27438428420152,43.414287076817274,38.26836708772193,37.387498177990224,41.707552697711606,47.966777419521506,51.09236892356172,48.37559202147851,41.43208577965581,34.14670975734728,28.814584736843898,24.451875254009778,18.958510203392535,12.769396286363715,9.94549066709564,15.118998282708617,28.934732853877463,46.3992136349886,60.00410982369691,65.03081598889133
2024-08-04,62.391607802756155,56.711110018935514,51.79862278482008,47.892762861634736,42.99749036098949,36.43800007556291,30.646132154626628,29.17990727994807,32.98178817867225,38.795978911530526,41.55493058529038,38.55439791773634,31.413691971268804,24.02048232372239,18.671803485953816,14.384813305795646,9.059499930632114,3.1298922721606175,0.6551403809187661,6.264731106150094,20.599877865318533,38.662656228545,52.93949679860508,58.70581814030075
2024-08-05,56.867248397252936,52.04116673855911,48.02910985067014,45.061499107373024,41.13375799093447,35.562297776661936,30.770025109396357,30.305975472723887,35.10367323156933,41.8985285195339,45.61443846632746,43.538936073884756,37.283530973639614,30.72859430391503,26.164441560780133,22.602160274102886,17.93637829283999,12.59652692546365,10.637964757735176,16.687227048695263,31.383439176788343,49.72746561616792,64.2054058005001,70.09321968586418
2024-08-06,68.29793176646396,63.439144977821826,59.321410097522644,56.178906778161206,52.01150641287256,46.140695560379115,40.99501437063418,40.12961490211971,44.48454098092698,50.80204087918713,54.013081388578144,51.41240767765426,44.61879429226873,37.519840646887545,32.412965965845416,28.31615161904871,23.1306276658446,17.292058860150135,14.861596862313121,20.471064420641795,34.76431076184306,52.746310351260234,66.90661695484692,72.52395627836381
2024-08-07,70.507406289319,65.47789688718264,61.24057464362683,58.029488731319105,53.84366811077969,48.003068445506315,42.93404281430466,42.18894063636401,46.70443586100167,53.218895030209666,56.65895300349992,54.31463989951034,47.7997036843131,40.99648079298471,36.19696872839788,32.413647534471124,27.542245911461563,22.013006156180666,19.881813634122352,25.77545551520558,40.3330470406854,58.55519653341334,72.92752023147642,78.72528941345203
2024-08-08,76.85465820482503,71.93420313187845,67.76731960753283,64.58693107096119,60.391580550575284,54.50138294123032,49.34349200567425,48.47168657415355,52.82467717333081,59.14344398670703,62.35777434625862,59.761343820179405,52.97198594773954,45.87650371233113,40.77167749136818,36.6750172444214,31.487455635320075,25.644537249990307,23.207470628055347,28.808308889058495,43.09129825787771,61.06196676710283,75.21056522811851,80.81664395679067
2024-08-09,78.79021460319672,73.75322904078406,69.51192135478742,66.30146940149298,62.12204638016382,56.294741288265854,51.24700273711038,50.53221095979832,55.087979492940235,61.65349755320247,65.15608131703,62.88627804988367,56.45816789592038,49.754216068598495,45.06632970885083,41.4066665983983,36.670391744387615,31.28693622982098,29.311124195946974,35.368432809088446,50.09642353573217,68.49391596692605,83.0445152148259,89.0212752745922
2024-08-10,87.32794660377517,82.58053877660157,78.57974318060565,75.55567118265289,71.50397721430662,65.7418447044391,60.69348847279855,59.90977763703016,64.32657981327807,70.68213704957776,73.90364121201105,71.28235240777572,64.43390500965923,57.24315389373329,52.005215170148645,47.73624871418993,42.336178770111545,36.239907402509445,33.508387149126335,38.77381833335508,52.68101007622549,70.2364770421286,83.93188385385565,89.04862051816491
2024-08-11,86.49895815865897,80.90751699368933,76.08359264999261,72.26579738191249,67.45808680874211,60.985651245514944,55.280326379188864,53.90012844393179,57.787515734902684,63.686687896852945,66.53009163622472,63.61347728678987,56.556151543302846,49.24577963299316,43.97939173247261,39.774141372950496,34.530012402466426,28.681029451206882,26.286338305653118,31.97542156973506,46.38948843269016,64.53061025890618,78.88521345853447,84.72871242676916
2024-08-12,82.96673115638518,78.2166446838163,74.27998558468,71.38717114061312,67.53362076234377,62.03574167411681,57.316436490932375,56.924736686772604,61.79416263859795,68.66012051354741,72.44650349642698,70.44084066619408,64.25463775331312,57.76826201799645,53.272025100057235,49.77701069640568,45.17784284599131,39.90394907063127,38.01068419253647,44.12457973142989,58.88475735009118,77.29207783103439,91.83263694082125,97.78239099302633
2024-08-13,96.04836086427923,91.25014589703301,87.1922933017108,84.10897918872547,80.0000714348171,74.18705310845948,69.0984608942927,68.28944341363594,72.7000410804817,79.0724987820933,82.33777995210178,79.79062642811188,73.04980945241873,66.00292516338752,60.94738953692014,56.90118072258659,51.765525587694526,45.97608572114994,43.594009648916796,49.25111701215765,63.59125395963659,81.61939190783973,95.82508160356016,101.4870457622589
2024-08-14,99.51435939121757,94.52794945947235,90.3329596383469,87.16343623006446,83.01840535540121,77.2178198689578,72.18803007077234,71.48138263266358,76.0345487876117,82.58589239269452,86.06204565357318,83.7530360673035,77.27260900980447,70.5030983580661,65.73649908900373,61.98528875322013,57.145193589810305,51.64645346706418,49.54495135519922,55.46747206157366,70.05312849797927,88.30252669010021,102.70128061680984,108.52465932441936
2024-08-15,106.67881474441668,101.78232124217857,97.63857210270092,94.48048867297081,90.30661192266788,84.43705472301168,79.29896884715865,78.44613117105979,82.81725030192314,89.15330453905932,92.38407936497237,89.80324853454519,83.02864380873753,75.94706642845887,70.85529506429178,66.77083800517885,61.59462628021835,55.76220287644229,53.3347747716104,58.94439355927091,73.23530397501193,91.21303259865898,105.36782882608587,110.97924159397994
2024-08-16,108.95728121063662,103.92389824478832,99.68532551436894,96.47673964486742,92.2983126433648,86.47113235234185,81.42264626555288,80.70623353606862,85.2595066592045,91.82165384777127,95.31999031245586,93.04506239117711,86.61094933902604,79.90011551828232,75.20446725789029,71.5361615652746,66.79036271252971,61.39650108608748,59.40940016955972,65.45453651025721,80.16947099489929,98.55302267352316,113.08879615656984,119.0498449767086
2024-08-17,117.33991916813704,112.57502792127646,108.5558622787637,105.51253330260225,101.4406951586476,95.65753104976832,90.58725560930698,89.78073780845332,94.17384515628822,100.50481963382002,103.70085307992406,101.05320561476356,94.17751166311717,86.95862619439423,81.69166545158845,77.39278948251413,71.96192274460408,65.83396755567428,63.06987674699917,68.30185097546168,82.17469973629181,99.6949381079711,113.35423116743085,118.43396941824628
2024-08-18,115.84642451771155,110.2162172608616,105.3526438902813,101.49431731753276,96.64519385900698,90.13046456749183,84.38196590820998,82.95771493428842,86.80017080008795,92.65353405026485,95.45025233173303,92.48607695921548,85.38031564906703,78.02063469039777,72.70406536282161,68.44776234032838,63.151710654839604,57.24993616080884,54.80158590946371,60.43614380986919,74.79482039709646,92.87968842166873,107.1771757203692,112.9626981554614
2024-08-19,111.14188122746445,106.33210152057816,102.33489319839104,99.3806751715825,95.46486851911571,89.90388217476286,85.12062050280306,84.66411676655746,89.46789317317231,96.26735775887661,99.98640561874676,97.91256778142167,91.65735196728892,85.1011274663044,80.53420798787143,76.96767933833743,72.2961677058262,66.94910280115042,64.98184167502023,71.02091811528389,85.70545609222764,104.03631873575382,118.49960419852448,124.37127122021215
2024-08-20,122.55834314231704,117.68042181157884,113.54205698170094,110.37742734542896,106.18640340072204,100.2904708761905,95.11816915524462,94.22464959682787,98.5499553908634,104.8363342398882,108.01475243007118,105.37995469041437,98.55071519339802,91.41463304388883,86.2691272247327,82.13217892886618,76.90501810499678,71.02330946140323,68.54820468084961,74.11152659883265,88.35712459574451,106.28997335731765,120.3996269361604,125.96481139122636
2024-08-21,123.89460510981519,118.80993847796661,114.51595862055589,111.2467153299538,107.00123825362097,101.09948380890575,95.96780589493503,95.15855481864452,99.60840548407612,106.05572545477214,109.42715067907551,107.01271243171718,100.42615990186096,93.54983081490087,88.67572403116765,84.81632101961395,79.86735197242226,74.259060745943,72.04733433168123,77.85896159424527,92.33305953573714,110.47023830635288,124.7561160432845,130.46596598510934
2024-08-22,128.50594428892126,123.4946295782829,119.23541943092886,115.96123951860443,111.67063516901204,105.6837236429484,100.4276611376329,99.45622898367678,103.70814027560168,109.92437783207049,113.03473168661596,110.33288017669138,103.43665967711377,96.23287607422796,91.0183127145193,86.81048259395075,81.51032147928538,75.55337712574665,73.00086130894337,78.48483045113996,92.64953414592456,110.50050386085245,124.52799390901998,130.0115581736162
2024-08-23,127.86121193857375,122.69891077655782,118.33089253881586,114.9923389119687,110.68342699262304,104.72524974093503,99.54525979531596,98.69684148228433,103.11761249695607,109.54676627920257,112.91162329468341,110.50273516122525,103.9341864413141,97.08844683147234,92.25742801843217,88.45329239620413,83.57120964717318,78.0406155939952,75.91633918104307,81.82386244179656,96.40075177354697,114.64583176103402,129.0427125737482,134.864453327257
2024-08-24,133.0148096624742,128.10979639948926,123.95011023430861,120.76586790478804,116.55272927545909,110.62788327019697,105.4155502658964,104.46660499859485,108.71692076426882,114.90474535223208,117.95727643074937,115.16577997031476,108.14589626650908,100.78248618041792,95.37067186643145,90.92661930303956,85.3502588993474,79.07649894330707,76.16629825546335,81.25186350091309,94.97801020162947,112.35125948091303,125.86328247905504,130.7954757800945
2024-08-25,128.06011713969178,122.28183346868693,117.2699271411234,113.26301721825473,108.26506618175337,101.60127126605458,95.70347513344396,94.12970105002839,97.82241439833763,103.5258219662681,106.17237765820852,103.0578390615463,95.80152017891979,88.29109359973035,82.8235969173941,78.41619113314454,72.96886761906367,66.91565858220804,64.31571743946643,69.7985344771813,84.00532661971596,101.93817301824868,116.08350792208903,121.7167536162679
2024-08-26,119.7435420351627,114.78125620720078,110.63143675027226,107.52450903896178,103.45590062578844,97.74202692764857,92.80579880026526,92.19625600694025,96.84692726388047,103.49322712390628,107.05905720608474,104.83195507131475,98.42343497854738,91.71387276345988,86.99358868761091,83.2736751159292,78.44876480073384,72.94829402259744,70.82762640768922,76.7133023239407,91.24445232650109,109.42194613435247,123.73188849385386,129.45024474145043
2024-08-27,127.48404481934922,122.45289717802635,118.16135817782343,114.84361312024379,110.49953911474037,104.45062850332977,99.12542728399822,98.07909343193046,102.251676754204,108.38543157124953,111.41133078702046,108.62412574946146,101.64259724803034,94.35435100583723,89.0568126219973,84.76796990503473,79.38905941681945,73.35575247817343,70.72920738190554,76.1412535700891,90.23574702973842,108.01766904640274,121.97658027156363,127.39121335886107
2024-08-28,125.17065328607208,119.93583702577712,115.49191828416153,112.07295343057511,107.67797868383447,101.62695702721138,96.346248919777,95.3882112225372,99.68952538666682,105.98856551624405,109.21197409303005,106.6497889176657,99.91576569766647,92.8922486682263,87.87124319191665,83.86523723030967,78.76996745980922,73.01568421156524,70.65828094220218,76.32455297147169,90.65362374544816,108.64610985165623,122.78763584781484,128.35348138592445
2024-08-29,126.24980902388062,121.0952037744994,116.69306959216894,113.27633851342351,108.8435622177296,102.71486430465866,97.31740729685033,96.20497883679354,100.31629831710114,106.39235483972104,109.36294470736226,106.52175251169547,99.48662086656525,92.1443618817064,86.79176511170488,82.4463497438793,77.00905772041017,70.91544295514828,68.22672336543977,73.57496149763371,87.60441305229075,105.32061558564914,119.21382948151866,124.56361467536982
2024-08-30,122.27999248436036,116.98492449581315,112.48465455548364,109.01437032560047,104.57425485795127,98.4854070477636,93.17528544787021,92.19728027860427,96.48901510756448,102.78968922542651,106.02662892752588,103.49039163897633,96.79506770768762,89.82313259137686,84.86650371793507,80.93734919705079,75.93084440458969,70.27643083156732,68.02894306862368,73.81386876992286,88.2687799290296,106.39250670260037,120.66866480614443,126.37031887671618
2024-08-31,124.40123005033203,119.37741861660683,115.09958671477376,111.79785649924587,107.46789322463525,101.4268911774664,96.09907607029561,95.03532794707871,99.17152538398065,105.24592142198073,108.18571895326757,105.28218914304738,98.1509774529959,90.676949881013,85.15523368886382,80.60199993273584,74.91718406938953,68.53569940474785,65.51850974539349,70.49782671371273,84.1184707565773,101.38696789075621,114.79499412145472,119.6239508612656
2024-09-01,116.78612066553772,110.9061352119173,105.79330160853532,101.68624361828344,96.58892839131406,89.82655779745232,83.83097910090237,82.1602201360263,85.7567508198702,91.3647824401057,93.91677336740082,90.70848562009645,83.35923759730326,75.75670624970756,70.19793349670876,65.70008463007193,60.163155276510636,54.02118186201312,51.3333219859971,56.72907008095605,70.84964718065613,88.69713650925911,102.75797635131227,108.30759299055845
2024-09-02,106.25162232207094,101.20745129756632,96.97662442039174,93.78957091164096,89.64172213343528,83.84949727253927,78.83581091677657,78.1497065217399,82.72471645742816,89.29625889087514,92.78823901602527,90.48819792877407,84.00765338323771,77.22698467085343,72.43651546682636,68.64734151144337,63.75409889057349,58.18622717790241,55.99909325127264,61.81924068968546,76.28580321773579,94.39965368224311,108.64689991582193,114.30351029940746
2024-09-03,112.27651777763504,107.18553376086528,102.83511752756833,99.45945725440905,95.0584328834124,88.9535395462539,83.57332598795193,82.47295288710296,86.59247271097375,92.6741423969852,95.64893742227557,92.81161166427344,85.78094839789863,78.44455578807239,73.09986183093591,68.76485668817911,63.34077923022929,57.26330304204846,54.59358863522277,59.96346762684702,74.01679813299873,91.75856352349973,105.67832648837609,111.0548216766998
2024-09-04,108.7971360129137,103.52620837251962,99.04719431895211,95.5941520325405,91.1661194972635,85.08306141543619,79.77133991943595,78.78331349669081,83.05566517877503,89.32677060375386,92.52327374073488,89.93521383103085,83.17634797602338,76.12902175835251,71.08524184038171,67.05749743698905,61.94152643063491,56.16758031147825,53.7915536474668,59.44024282279997,73.75277230047823,91.72975963713428,105.85683031234386,111.40926485219944
2024-09-05,109.29322664134199,104.12730147079294,99.71489402615634,96.28893702682899,91.84798278684676,85.71215549323946,80.30861820738161,79.1911590626411,83.29849789410329,89.37162419840362,92.34033462401081,89.4983140608276,82.46340537212666,75.1224208687999,69.77215025812467,65.43011283184542,59.99725058799625,53.90911744747409,51.22693128676214,56.582754562312616,70.62084283635741,88.34673347807251,102.2506866360223,107.61226196122257
2024-09-06,105.34148043822822,100.06030327289828,95.57497388094033,92.12067944559129,87.69760249130425,81.62684133745364,76.3358539118205,75.3780297614482,79.69099173144022,86.01393834309073,89.27419507086128,86.7623184726152,80.09239797963626,73.1469080844603,68.21776520121242,64.31713637749796,59.34019587831439,53.71638403525489,51.50053423152086,57.31813286443992,71.8067506247742,89.96521631436178,104.27714424848355,110.01559761432316
2024-09-07,108.08433605040244,103.0993783004384,98.86142490965933,95.60059639022079,91.31255630658029,85.31449720747699,80.03064301904195,79.01187195149686,83.19406069931483,89.31546037417365,92.30327189083792,89.44876439018597,82.36758126161916,74.94458638338148,69.47490485017381,64.97470550405599,59.3439215402568,53.017463955806804,50.056294202016716,55.09262149850308,68.77126384261469,86.09874475484733,99.5667376976904,104.45664149404264
2024-09-08,101.68073606367051,95.86365040106483,90.81468888666888,86.77247250827699,81.74096559557474,75.04536715060992,69.11752152599021,67.51545359760286,71.18163027848726,76.8602598069605,79.4837974590395,76.3480021130791,69.07218898330194,61.544031790174344,56.060569178600915,51.6389631205075,46.17920587860965,40.11533047037871,37.506491042475815,42.98217853029058,57.183610426677575,75.11286637095671,89.2563810191162,94.88957698285174
2024-09-09,92.91808644175086,87.95929258894853,83.81473612567021,80.71484242852415,76.65503897203361,70.95174101326381,66.02785916610505,65.43243287294143,70.09899044617228,76.76294595377362,80.34820045002797,78.14229084778424,71.75673067804465,65.071894967222,60.37810308518796,56.686446425259675,51.89155668617124,46.422869013888814,44.33574581839578,50.25672617042744,64.82493924676514,83.04125330647278,97.39177155510583,103.15245770722301
2024-09-10,101.23034000190879,96.2450251054382,92.00106751282101,88.73265057964824,84.4396493880445,78.44355417195533,73.17290874084044,72.18286880019167,76.41348180666313,82.60699965002561,85.69439272277866,82.97040978099453,76.05382894185402,68.83225317602783,63.60310525012588,59.38437005893579,54.07728117228676,48.11750683816091,45.56620219640092,51.055193457219985,65.22833329546226,83.09059960554978,97.13154956745738,102.62991228680765
2024-09-11,100.49476911087925,95.34705330489666,90.99191478766667,87.6634060638589,83.36055940811158,77.40333378108448,72.21808554170084,71.35716737195813,75.75725646659036,82.15672259512368,85.48220382768878,83.02373347536715,76.39506267910636,69.47853103075168,64.56613917191873,60.67037026711429,55.68695611897384,50.04614210880254,47.80381666681177,53.586770010817304,68.03412040902374,86.14647919585984,100.40946560008929,106.09835387038243
2024-09-12,104.11930108630416,99.09088670722853,94.8165090605372,91.52909448050463,87.2271888711573,81.23090998300052,75.96741441601623,74.99048381620321,79.2388315078829,85.45344045106849,88.56410073444164,85.86449066347424,78.97244649401523,71.77477390587705,66.56825595239862,62.370405248776805,57.082157093957534,51.139058687995984,48.602321164667345,54.10400021626715,68.28834461960273,86.16088493809993,100.21187449349172,105.72086609036154
2024-09-13,103.59787384667908,98.46485208234185,94.12803730786334,90.82260978230337,86.54874508757442,80.62753458205253,75.48642921486359,74.67881153667449,79.14229737908981,85.61607823264421,89.02747252501557,86.66702975075438,80.14883226116822,73.35534745468925,68.57848463497753,64.83040372482226,60.0062718488731,54.53552218557819,52.47298094980695,58.44412735766058,73.08652490513984,91.39899518644532,105.86514529669121,111.75803119067031
2024-09-14,109.9814052627523,105.15127900058184,101.06834568259848,97.96271854299505,93.83005385777153,87.98753687697908,82.8593842187941,81.9964667751502,86.33465391357538,92.61218941006082,95.75626683512178,93.0581479773096,86.1334688658988,78.86708601198899,73.55411713546309,69.21072369738798,63.73683150547576,57.567344163443636,54.76321572310076,59.956648000026206,73.79245158120216,91.27714257601065,104.90238702604667,109.94957633316876
2024-09-15,107.33098299185971,101.67122856758381,96.77961000975732,92.89474087239446,88.02057804845066,81.48231310300679,75.71178294958486,74.26700502366825,78.09043879773657,83.92628506908008,86.70699167268285,83.7283100463317,76.6095479643576,69.23837170884572,63.91181248715256,59.64702483601208,54.34399358499597,48.43674432108186,45.98442376303116,51.616515422021266,65.97422937019883,84.05963782994738,98.35916804488738,104.1482352190551
2024-09-16,102.3324641295112,97.52923057197043,93.54006785642727,90.59539397421202,86.69062902100228,81.14218088182841,76.37295280632708,75.93197687933912,80.75277406381821,87.57075108795424,91.30980167272094,89.25745540801972,83.02521851137843,76.49345870394407,71.95248806243438,68.4133906963971,63.77079103179591,58.454116951909484,56.5187236174737,62.591142860478755,77.31049663140391,95.67764597555475,110.17868689800783,116.08957592552434
2024-09-17,114.31733412346854,109.48156099817204,105.38680389906949,102.26723905058002,98.12273441900663,92.2747731378659,87.15189193152054,86.30923943674648,90.68685605779417,97.02698664890993,100.26059458362431,97.68242161730456,90.91123888377672,83.83464238847012,78.75004795125908,74.67543353917702,69.5120258133934,63.69548613267489,61.28696276697411,66.91827507814996,81.23326891207921,99.23691535428976,113.41876480145018,119.05753959095838
2024-09-18,117.06231432804884,112.05401555701052,107.83778649832306,104.64767298100499,100.48270062763902,94.66282176962628,89.61438616148908,88.88973990439008,93.42555363688854,99.96019059732694,103.42028234943288,101.09585572394138,94.60065540699921,87.81701456177359,83.0369274276467,79.27287079408083,74.42057011529926,68.91026445166911,66.79783594065569,72.71006853502897,87.28607426638041,105.52645826106576,119.9168335694055,125.73246829014697
2024-09-19,123.87951338317428,118.9765422178373,114.82694706188406,111.66364822029949,107.485185598798,101.61167098102527,96.47025503100977,95.61471349099307,99.98375381341693,106.31835311860658,109.54829568925776,106.9672540561691,100.19305873496172,93.11250969866126,88.02238432640407,83.94018959532939,78.76685519939409,72.93792276871986,70.51459790222552,76.12893079216727,90.42516475145763,108.40882491508859,122.57015921256955,128.188715092706
2024-09-20,126.1745013542128,121.14946703506094,116.91984340022759,113.72080550168678,109.55252375136016,103.73608437583002,98.69893323074876,97.99444781193523,102.56023893471873,109.13549311257474,112.64752383546279,110.38687569971606,103.96762619843732,97.272237911592,92.59261536549923,88.94091374474633,84.21229547820082,78.83618908880578,76.86741617735338,82.93145138758636,97.66585368468145,116.06944017431974,130.62581350464313,136.6080252285292
2024-09-21,134.91982337755516,130.17721512207282,126.18088946537438,123.16095541058725,119.11306504590658,113.3543994775552,108.30917122398054,107.52824712199443,111.9474925280619,118.30514725227376,121.52840094405781,118.90851151608582,112.06111116728391,104.87105262366245,99.63344986645097,95.36446066326874,89.96400717519475,83.86698940552739,81.13435785243158,86.39831082426372,100.30365544812155,117.85690442056543,131.54972041770213,136.66349152356796
2024-09-22,134.11048696255392,128.51532507805456,123.68729964500409,119.86502109188046,115.05244323423676,108.57475460836594,102.86378914783373,101.4775613571713,105.3585278271298,111.25088652206148,114.08708249424859,111.16286444781387,104.09753747345258,96.77876521938518,91.50357630927185,87.28912274639552,82.03538687707496,76.17639185585638,73.77128201952709,79.44953854812195,93.85236923339839,111.98184406896499,126.32438812010382,132.15541446458053
2024-09-23,130.3805458042073,125.61715591123051,121.66677612384703,118.75982251331837,114.89171330743176,109.3788545751326,104.64414780233398,104.23662336242442,109.08980055936776,115.939084514574,119.7083673953271,117.68517729012633,111.48101896826769,104.97625875529303,100.46120738544988,96.94694767915561,92.32810282540618,87.03409952537083,85.12029180996474,91.21321043444695,105.95197632831035,124.33744956637906,138.85572523861418,144.78275901045873
2024-09-24,143.02557113936726,138.20376037783257,134.12187337530847,131.01408571018868,126.88026475693326,121.04189311120248,115.9275070137603,115.09225467199829,119.47617611512499,125.82151587627317,129.05923706295772,126.484081218146,119.71481931826322,112.63904726555731,107.55418083124447,103.47819798832307,98.31232545831776,92.49222471525368,90.07904419873893,95.70460349493422,110.01274872767264,128.00845131909318,142.18126205118028,147.80990370549057
2024-09-25,145.80345138514645,140.78283218615465,136.55318993687268,133.34857112786227,129.16800209825558,123.33143595054554,118.265223265548,117.52171102466772,122.0375708017783,128.55116682519932,131.98913170313764,129.64149336549525,123.121997651987,116.31297893442903,111.50643271462015,107.71483709939525,102.83391891477339,97.29391864740307,95.15071991500828,101.031108205487,115.57419713959797,133.78059348702283,148.13591199572375,153.9154225162511
2024-09-26,152.02527781448435,147.08405311939006,142.8951426128849,139.691468567553,135.47157291075305,129.5555695017151,124.37061113293578,123.47047573005034,127.79387298142768,134.08178229726965,137.2639903033515,134.6341719269525,127.81016013323693,120.6787573983074,115.53674365685126,111.40162849487929,106.17434426838084,100.29043532093168,97.81111001914442,103.36842137494777,117.606615573088,135.53122067285392,149.63248758034354,155.18996677303247
2024-09-27,153.11367013046205,148.02554982275026,143.73184029951884,140.4677198484569,136.2333621688343,130.34985682589078,125.2446530655049,124.47113182432278,128.96690740963635,135.4711698778855,138.91123631248703,136.57765495381216,130.08450698927606,123.31425874379894,118.55881853811778,114.83034540155323,110.02400565744783,104.56923177275777,102.52084934183546,108.50433705111087,123.15725795778975,141.47843330712755,155.95146994005574,161.8494236446601
2024-09-28,160.07604674014925,155.24735073214578,151.1640290060202,148.05619499650874,143.91950527005287,138.071145459269,132.9353326555874,132.06293831649086,136.38983246589763,142.65425962815223,145.78341421308662,143.06855894078396,136.12533086317177,128.8385876053765,123.50344809335152,119.13607508522112,113.63639577763435,107.43931525429034,104.60578913923064,109.76802091084774,123.57082291080819,141.02071309428914,154.6093594404007,159.618155379428
2024-09-29,156.95937552579153,151.25764365617167,146.32225902205343,142.39183757001393,137.47033867805663,130.88295648632268,125.06153057436819,123.56408113401491,127.33307048599345,133.1127023653149,135.83542763567272,132.7970008541311,125.6167330044864,118.18229366841301,112.79071744303063,108.45916234501395,103.08761677350664,97.11010997487313,94.5857924172171,100.1441514502351,114.42640107385844,132.43461752782565,146.65523216203601,152.36366437578621
2024-09-30,150.4655432301717,145.57824889367126,141.50331913749753,138.47117650219494,134.4772457211971,128.83793940529029,123.97616561716247,123.44096134278786,128.16585253361677,134.88625099329823,138.5260556054689,136.37280120993506,130.03799935963994,123.40202319898275,118.75519031322578,115.10859040695138,110.35685358607535,104.92941350053806,102.88163116265412,108.84004434007414,123.44378100654637,141.69370831175246,156.07592845085682,161.86640422734732
2024-10-01,159.97216306293183,155.0128109069562,150.79290163380685,147.54661807666204,143.27383489303864,137.2960419902311,132.04178294873319,131.06621334352616,135.3093805986744,141.5135366692579,144.60965211163406,141.89247594394797,134.98078664391434,127.76218764066061,122.5341022580932,118.31451604637154,113.00466332927478,107.04021320739523,104.4823217709172,109.96281627996612,124.12555055605264,141.9755037416282,156.00223436177183,161.48447296339972
2024-10-02,159.3313024367372,154.16365768676283,149.78669037138957,146.43445483240157,142.10598527942375,136.12124270682895,130.90658560619576,130.0143688894152,134.38127207995564,140.745667373834,144.03419536573867,141.53689198976392,134.86751110750194,127.90839512945192,122.95154761356365,119.00945473840542,113.97785141838197,108.28698624405253,105.99275095238416,111.72193916521297,126.11367265215105,144.16856634554432,158.3722431700325,163.99998116630263
2024-10-03,161.9579413032186,156.86470702577225,152.52368074350153,149.1677929692237,144.7955938815964,138.7272056024193,133.38978919744397,132.3371308760773,136.5079486199212,142.6432301433076,145.67277038352975,142.89025258937306,135.9135180560778,128.629377596108,123.33461949097082,119.04676167860387,113.66674487437996,107.63012178801802,104.99810915805378,110.40276837411612,124.48835400384245,142.26040249460138,156.2091731445953,161.6142248281156
2024-10-04,159.38557782485807,154.14519270857292,149.69931233543466,146.28312340211448,141.89680801917098,135.8614641647542,130.6045494990694,129.6794533740549,134.0237985129916,140.37678338796445,143.66573349856458,141.1812055000977,134.53728899422723,127.61645871855299,122.71063140472705,118.83197449071389,113.87566270590513,108.27113692073887,106.07323112829516,111.90743241172588,126.41131221945245,144.58370018412944,158.90821152826703,164.65791041701846
2024-10-05,162.73655754027146,157.76017276839474,153.5294578448774,150.27453455550662,145.9910678109343,139.99625157848277,134.71431127853384,133.69612668743278,137.87757613950063,143.9969124595419,146.98133834897635,144.1221248085536,137.0349171608465,129.60458129038835,124.12624437129614,119.61607739815742,113.97401579175845,107.63497284781702,104.659912389148,109.68104607973227,123.34319443298857,140.6528835620659,154.101789589175,158.9713140731992
2024-10-06,156.17373974169797,150.33369846892674,145.2604975878746,141.19276111015725,136.13445646202734,129.41078581508032,123.45359676120869,121.82091748884565,125.4552182954614,131.1007108742983,133.68985402905005,130.51841023564288,123.20569837809136,115.63939591821116,110.11654531072702,105.65431241131833,100.15269343531239,94.0457254239021,91.39256661734049,96.82271211559127,110.97738364561313,128.85866515073687,142.9529956609629,148.53580223166324
2024-10-07,146.51272155562327,141.5011414078962,137.30260714163762,134.1475488533332,130.03139880665537,124.27057711622561,119.28799932243291,118.63270986120826,123.23824210706663,129.84001525890687,133.36193556753025,131.09154521141738,124.64036305331207,117.88876951870954,113.12708944385983,109.36641975424705,104.50139774744957,98.96146423393199,96.80198735502938,102.64951197736008,117.14317314092703,135.2838450300359,149.55763684219957,155.24051835054837
2024-10-08,153.23952391359649,148.1742663835353,143.84930650468155,140.49883394551634,136.12273016466165,130.0424918356894,124.68666927062026,123.610424740195,127.75381232852354,133.85909061501619,136.85723674366585,134.04300628366587,127.03518422660001,119.72138047839897,114.39902480164139,110.08610914740922,104.68387420207571,98.62799539028225,95.97963508668221,101.3706267974393,115.44483054998068,133.2072316527793,147.14739475678192,152.54405649427335
2024-10-09,150.30630580027744,145.05508358266428,140.59554746170633,137.1617576990329,132.7527543825852,126.68850434238924,121.39537186337112,120.42571760709426,124.71622680444138,131.00527731485744,134.21951535232805,131.6489824268132,124.90743793089344,117.87722976154248,112.85036691819816,108.83934097590611,103.73989219976775,97.98227448521327,95.62238482843452,101.28702206384374,115.61531312704932,133.6078780694201,147.75034488811616,153.31799664809392
2024-10-10,151.21699929546094,146.06594120430896,141.66822966524052,138.25680002340874,133.83020724137646,127.70857817620215,122.31907857906255,121.21549929589465,125.33656289496025,131.423261627543,134.4053949172257,131.57665044979856,124.5548739050941,117.22688043128751,111.88946259332386,107.56014256185593,102.13986523260841,96.0641874447141,93.39433001409468,98.76235835460815,112.81253100812268,130.55038834014152,144.4661935167784,149.8395092261363
2024-10-11,147.58035950873384,142.31070864571527,137.83680314690608,134.39383330851356,129.9819847869196,123.92235905191106,118.64241720039837,117.6955519667293,122.01938940171459,128.35313124999755,131.62410622808815,129.1228741535305,122.46352773415202,115.52854475814664,110.60984495169663,106.71959869154138,101.75298358928451,96.13944334100937,93.93381470944861,99.76158749012329,114.26033578606079,132.4288918313449,146.75087338719368,152.49934710339653
2024-10-12,150.5780760966753,145.6030826054818,141.375070685027,138.12416437385212,133.84603077743785,127.8578660001955,122.58389754042605,121.57500719460585,125.76707525838363,131.8983564589323,134.8960553413729,132.051444691135,124.9801715564793,117.56710348806108,112.10736926741745,107.61714143637049,101.99635690394423,95.67993039424886,92.72882709885849,97.77525999035774,111.46405083120902,128.80172692330655,142.27996551755,147.1801692414364
2024-10-13,144.41462183056294,138.60795610730887,133.56948029159352,129.53781922214037,124.51694109129869,117.8320487761159,111.91499051331795,110.32379507532885,114.00093328257681,119.69061729042012,122.32530630368214,119.20076313830445,111.93630695782988,104.41961544010292,98.94773119832105,94.53782018262746,89.0898786428339,83.03794359179611,80.44117318226472,85.9290623635683,100.14283265130412,118.0845677157505,132.2407062524988,137.88667492096994
2024-10-14,135.9281099564988,130.98239861529956,126.85108566962455,123.7646005741417,119.71837488867834,114.02882796258851,109.11887450938353,108.53755807676458,113.21841108901886,119.89685173353399,123.49678518799479,121.30575249612342,114.93527132462762,108.26572084094974,103.58742456255294,99.9114780337837,95.13251711021798,89.67998109901826,87.6092365758298,93.54682678155665,108.13188506828989,126.36528387064504,140.7331305786779,146.51139309121504
2024-10-15,144.6071038353621,139.6398736700436,135.41426128393203,132.16445423079713,127.89033179243675,121.91338840493505,116.6621720821503,115.69184273583164,119.94245203063267,126.1562560653435,129.26422944374164,126.56112513346486,119.66572546482263,112.46563762190944,107.25828858528112,103.06166746403994,97.77701204232928,91.83999478298615,89.31177503888682,94.82418323464766,109.02107625644858,126.90743621244675,140.97282449324027,146.49597441208346
2024-10-16,144.38597152544958,139.26375330377306,134.93447387102282,131.63218993305438,127.3559379644456,121.42568112247251,116.26777996116769,115.43459135289896,119.8627966812505,126.29076989998963,129.64515326010766,127.21598425038087,120.61701818488383,113.73059882476718,108.8487309751736,104.98390196164456,100.03184774144171,94.42281784574598,92.21270484981495,98.02830311057728,112.50873502966866,130.65461606892222,144.95156957902927,150.67487392358913
2024-10-17,148.7306902911584,143.73760224305323,139.49901220172234,136.24785058906835,131.98266738965052,126.02358442753383,120.79776236663929,119.85898691120128,124.1459754337758,130.39971493561433,133.54999953721315,130.89051156704423,124.03909129490975,116.88254840546882,111.71766994735793,107.56197252233065,102.31639540452014,96.41648975968806,93.92347067762859,99.46939779518623,113.6985238249102,131.6163832518763,145.71323331016862,151.26863070720202
2024-10-18,149.19259344898921,144.10707973343813,139.8183299371604,136.5615281727848,132.33685386347494,126.4654021963331,121.37462793687511,120.61791743849405,125.13289032261588,131.65874185630764,135.12279423012615,132.8156006878102,126.35124731572559,119.6122052335864,114.89038745134405,111.19795758324378,106.43008643162105,101.01621083720448,99.01116066091743,105.04041875129397,119.74155221871058,138.1133862592703,152.6395315515523,158.59304761800038
2024-10-19,156.87769040412965,152.10947493238314,148.08909799895315,145.04667633977093,140.9778697139848,135.19986683772996,130.13688777841793,129.33980685874582,133.74449685918134,140.08920495005503,143.30112807831213,140.6715313901965,133.8160542540761,126.6195565007404,121.37715915111349,117.10502694725835,111.70308895883483,105.60625203167197,102.87547343987197,108.14295820069987,122.05352008283926,139.61367835665732,153.31510220415296,158.43918614682502
2024-10-20,155.89820577764507,150.3167857394508,145.50422603711604,141.6991432582804,136.90549730873212,130.448482743838,124.75993944437121,123.39788779182875,127.30479018159144,133.22485031161574,136.09051889414252,133.1975502206971,126.16525489733718,118.88130201267737,113.64272555799356,109.46668283064986,104.25316139602752,98.43618955198369,96.07491670572419,101.79882903031366,116.24913923764859,134.42792216134896,148.82160763418992,154.7056134227981
2024-10-21,152.98556684206665,148.27884619963777,144.38698729170605,141.54041056965002,137.73453856328322,132.28578156593778,127.61704520842883,127.2773639306176,132.20026102351545,139.12114551663058,142.9639134047739,141.01609652530882,134.88920331457157,128.46360368630357,124.02961188130273,120.59831414506105,116.06433701179432,110.85711044543203,109.03199165758,115.21551450371457,130.0468029299279,148.5267199447065,163.1413634925591,169.16669200674625
2024-10-22,167.50972843060163,162.79007411945165,158.8122782418663,155.81051881240083,151.7846655570512,146.05620333817924,141.05367058058658,140.33221758998005,144.83188640938891,151.29492350087196,154.65229381586968,152.19874065598756,145.55303667092596,138.60277935044718,133.64538596747659,129.6988359108197,124.66435723162358,118.977612647416,116.69975175476785,122.46259521021811,136.90999012109614,155.04690880628164,169.3629028575051,175.13669577886117
2024-10-23,173.27736330910017,168.40583309191112,164.32724941621217,161.2756591447827,157.25008890167203,151.57049198719838,146.66321908990898,146.08061721272816,150.75935786253993,157.43780511114906,161.04259132371362,158.86374409673036,152.51500884932963,145.87871944325198,141.24687078125774,137.63194028345353,132.92965399930353,127.57025155007129,125.6096155996044,131.67453059196086,146.40410901533374,164.79895641765165,179.3446862357985,185.31656692006584
2024-10-24,183.62074974665757,178.87580836595976,174.88513529070292,171.88165103598647,167.86389568167021,162.15198115023492,157.1730582075096,156.4809026636298,161.01422200100126,167.51399333572562,170.91000090812136,168.49591717206616,161.88957252881733,154.9777668006622,150.05727718127397,146.14561042329865,141.14369596110402,135.4870751277659,133.2369531891732,139.02537996689506,153.49659836786344,171.65613308111563,185.99423155483584,191.79044072127823
2024-10-25,189.95476882211858,185.10916430296035,181.05985779805195,178.0420236925624,174.0558316930966,168.42236728370648,163.569075540343,163.04933314098224,167.80075004550181,174.56251187452798,178.26193118713746,176.189551611154,169.95944963325093,163.45408678926518,158.96536652285494,155.5054428983159,150.96947718620606,145.7868967132852,144.0125218450923,150.2718259533329,165.20236669094248,183.8029598161951,198.55720658983574,204.7381571369798
2024-10-26,203.2495580267023,198.70741492621505,194.9124152980406,192.09466656617832,188.24981920111387,182.69505265243114,177.854577744643,177.2792595805455,181.90496174568858,188.4699222389925,191.90132886143226,189.49043763815138,182.85287884211823,175.87350323464247,170.84742279350982,166.79079324454744,161.60353466808368,155.7205449483774,153.20277242579843,158.68241321207248,172.80427219893676,190.5748598092361,204.48583640629147,209.8185877232656
2024-10-27,207.48538059475842,202.11083093578495,197.5042300543271,193.90418587242664,189.31464966195176,183.0608073763077,177.57449032688035,176.41371035843505,180.52092136285614,186.6403185677191,189.70434424946149,187.00874429754867,180.17282095005208,173.08423496384745,168.0400120327629,164.05730119288154,159.03608178327792,153.41037391349465,151.23931883802905,157.15239461449863,171.79080587663327,190.15661941817538,204.73625706921257,210.80512863305893
2024-10-28,209.26885349942887,204.7448020901894,201.03450235509214,198.3683669388123,194.74181060482823,189.4712359201446,184.97954083044132,184.81575213132962,189.91338551116039,197.0078424381716,201.02301138851254,199.246416722846,193.28955944377574,187.03280207425735,182.76645150757906,179.5015866855415,175.13282688250445,170.08959484693332,168.42724061959143,174.77229092983694,189.76386264193033,208.40281173208433,223.17522915216534,229.35706639324764
2024-10-29,227.85533950150403,223.28964298205346,219.46451920006584,216.6141394142184,212.73836664147518,207.15867908398042,202.30360855409413,201.72829879301673,206.37278532882638,212.97930815675898,216.47882581114487,214.1660752259291,207.65982273280076,200.8476595539473,196.02699674440356,192.21580752622236,187.3153138344455,181.76117232172052,179.61452657067562,185.50719127617987,200.08300763533484,218.34694210896993,232.78854048313383,238.686520508986
2024-10-30,236.94995222531324,232.19975762842543,228.24107541388088,225.30794690421988,221.39939323722558,215.83536228079018,211.0421993459789,210.5722461118465,215.362168816329,222.15032631856428,225.86334582405453,223.7912498265022,217.54777869765473,211.01526130685443,206.48568762178633,202.9715301829218,198.36851021697302,193.10686257803886,191.2424652211787,197.40209793784516,212.22486862109173,230.71137828086682,245.3472358740376,251.40770542857325
2024-10-31,249.79893385652335,245.13949050192394,241.23276363002623,238.31166956670768,234.37474426129558,228.74209556466568,223.8408702305345,223.22484011548858,227.8327088081376,234.4054495904268,237.87284292816963,235.52855756056368,228.99042023425568,222.14522717738112,217.2897520493014,213.44149812923692,208.50139143863225,202.90496995878914,200.71343566354003,206.55883514515656,221.08540814136097,239.29867623249817,253.68888382360169,259.53557485938876
2024-11-01,257.74875465965397,252.95036880902006,248.9466451426541,245.97275530846912,242.02886633860612,236.4360611037752,231.6217821304587,231.13940360864075,235.92653307311792,242.7223537822527,246.45417599515082,244.41254110325247,238.2115234193296,231.73358236859983,227.27061934707012,223.83478643495727,219.32124298175168,214.1594144564735,212.40411943082586,218.68082954581587,233.62710078741884,252.24174731045588,267.0083688365654,273.20001401472007
2024-11-02,271.7204280022961,267.1856151186022,263.39626154212124,260.5824734768755,256.7399002373305,251.18572018167617,246.34414310640648,245.7660331509986,250.38725300179487,256.9460398226072,260.36958064427466,257.94913078506977,251.300319876192,244.30799810158578,239.26727692484212,235.19431162405007,229.98902189478224,224.08630530111478,221.54710992812716,227.00363169640372,241.10067537095347,258.84475131235337,272.72751988646047,278.0303668928247
2024-11-03,275.6655592973537,270.257713210593,265.61612020055594,261.97938851337153,257.3514698097505,251.0575504963736,245.5294624017272,244.3252179523901,248.38727168622555,254.45981954106884,257.4753045674022,254.7294734936403,247.84162946039646,240.69943419128998,235.59991441113885,231.56022025014323,226.48033220680617,220.7942716127195,218.5611810090781,224.41053980363517,238.98355404374263,257.282292000612,271.7931770447619,277.7916205858322
2024-11-04,276.1832436795995,271.5854184799608,267.79967473082536,265.05642693483185,261.3510917760732,256.0000738053706,251.42627301491927,251.1787183101268,256.19092755130055,263.19830444157435,267.1247397544946,265.2577602104387,259.2088692343307,252.85843183303177,248.4967574467792,245.13492762529296,240.6675643133314,235.52409299142414,233.75986649394275,240.00141440526917,254.88785650622265,273.42005175066186,288.08409412930433,294.15593823301737
2024-11-05,292.5426032688032,287.86368696312576,283.923734962779,280.95692186902176,276.96311410127004,271.26379332438114,266.28749487332215,265.5893660718799,270.1094460900626,276.5899786247721,279.9619259712071,277.52002888341326,270.8830575721727,263.9386071973447,258.9840928108507,255.03749168936687,250.0000298813727,244.3073682109434,242.02065449008768,247.77170770052726,262.20437338421095,280.32362240380155,294.619005004599,300.3692434539794
2024-11-06,298.48341236355134,293.58243835944114,289.4714648227554,286.3845378184046,282.3206832821375,276.5998539357225,271.64839999947765,271.01866811745634,275.64732954724445,282.272748222793,285.82155647907825,283.5837819937175,277.17317037664776,270.4720557891891,265.7724335454178,262.0867815851191,257.3108265873218,251.87480891270758,249.83461207486988,255.81702147604332,270.46115067464723,288.76760639499764,303.22200336180504,309.0996114227928
2024-11-07,307.3065833605074,302.4614944409043,298.367738901943,295.2582390926685,291.1315370362265,285.307746707079,280.2140210325044,279.40413809225157,283.8168077474237,290.1930096010405,293.46253048947494,290.9190455703093,284.1803880571782,277.13336069292836,272.07474369935153,268.0220469654108,262.87620316931606,257.07275699619026,254.6729171699413,260.3087370792178,274.62446330295325,292.62562431257624,306.80247144314035,312.4345556189181
2024-11-08,310.4318891829372,305.416424786569,301.19439737745574,298.00098575867037,293.8363641614646,288.0216226987136,282.9842111821308,282.2775111295158,286.8391374459083,293.4082808013219,296.91225890906287,294.6416206554265,288.21044788946085,281.501207613174,276.8058088398389,273.1364113070021,268.3881820611539,262.9905543079315,260.9983543945467,267.0370617763684,281.74424029198536,300.11871198740045,314.64408451243804,320.5934144825507
2024-11-09,318.8704550580142,314.0912185981373,310.0563993577932,306.99611165317276,302.90601294707847,297.1032897813312,292.0121601701435,291.18349650709865,295.5531697658539,301.85942543177487,305.0294588909585,302.35453385009896,295.4502883618261,288.2015810644664,282.90353190753126,278.5723046872895,273.10782764940495,266.9450069378464,264.14479925004053,269.33940914856987,283.17365007053434,300.6540410781801,314.27225126859327,319.30967520155116
2024-11-10,316.67858863182965,311.00361648662374,306.0940591792897,302.1885338280968,297.29100099332726,290.72665600785575,284.92733965311504,283.45107333416365,287.24032059315215,293.03928639765525,295.780422852606,292.75948576548353,285.5957873798105,278.1769985464432,272.80015514018544,268.4824164645373,263.123772213924,257.15825293818665,254.64501041809274,260.213533323103,274.5050369830577,292.5215989711733,306.74965198450803,312.4646167731381
2024-11-11,310.5721237568897,305.6895544716952,301.6184480620523,298.58922845020396,294.59732175728,288.95914198873646,284.097598609182,283.56173001244,288.2850635641291,295.0030124886502,298.6394770963962,296.481993659933,290.1420751708904,283.5000962180115,278.8463758365672,275.1920051855118,270.4316158320526,264.9946428921466,262.93644884752996,268.8835729427269,283.47514463004245,301.7120325459931,316.08034037504143,321.8560324123082
2024-11-12,319.94613757914146,314.97026332571295,310.7329650326717,307.4684270426979,303.1765255265248,297.17875190764124,291.90365128770884,290.90638076388893,295.1269892873071,301.3077303422696,304.3795760169466,301.6372768649049,294.6996129011242,287.45418909491485,282.1984303120678,277.95032364728684,272.6111049708696,266.6164449316848,264.02750117009816,269.47610249823765,283.60610429075643,301.42248724452327,315.4148114409659,320.86180898390535
2024-11-13,318.6725643222926,313.4680139197276,309.0533109945305,305.66251144792545,301.29465105120494,295.2696923605313,290.0139954280462,289.0799167279764,293.4041373453526,299.7250310385074,302.9692399631445,300.426801614684,293.71147141507925,286.7055933348937,281.701172491301,277.71069662233185,272.62990219919857,266.8890393686536,264.5440014241127,270.2215835404292,284.56090904136244,302.56259440872066,316.7122641166703,322.28519775528025
2024-11-14,320.18755783782524,315.03792935383626,310.63971625467,307.2258505924371,302.79488408326824,296.6669403840292,291.26918209259463,290.1553969482173,294.26430445952406,300.336893864694,303.30296162221515,300.4561924994647,293.414429305809,286.06448436621775,280.703147470326,276.34793806050624,270.89979835338767,264.7942825568209,262.0926089023902,267.4268402698863,281.44123271310133,299.14132416126523,313.01737539058485,318.3489467484656
2024-11-15,316.04605998324524,310.7306771335943,306.20904251556254,302.71634428184154,298.2527659931317,292.1394070734747,286.80372662437003,285.79911543360987,290.06319765542105,296.3351731873793,299.54236894927993,296.9753430118949,290.2481863865801,283.2433752148006,278.2528276270213,274.28871245384767,269.2462058117809,263.55474995241764,261.2691802445272,267.01498514028776,281.42973745033197,299.51226816709897,313.7461938613261,319.40458004341593
2024-11-16,317.39118874207077,312.32204115862316,307.9978403624136,304.6487094573101,300.2703146657501,294.1798512612913,288.80154596138107,287.6862798345219,291.76993249956524,297.79075805913,300.67596048512314,297.71681204129015,290.5289593072156,282.9972694153057,277.4168707818727,272.80393563597966,267.05840062553415,260.61518026473135,257.5352395891174,262.4507914666213,276.006657607331,293.2093653130106,306.550591887068,311.31174006195096
2024-11-17,308.4050937308179,302.4552859255373,297.27162512863174,293.0927364935466,287.9225885800132,281.0863846851062,275.0159735185162,273.2693843777573,276.78908866094605,282.31929915487797,284.7924757470433,281.504381990157,274.07433783562703,266.3900218041907,260.74847740303017,256.1668715291133,250.54520143216428,244.31750517880528,241.54294202612112,246.8510080823156,260.882926075269,278.64078093681394,292.6110126819674,298.0690493388088
2024-11-18,295.92052856443115,290.78283909121285,286.45752721844093,283.17502398232625,278.9307625763572,273.04116403531026,267.9291448125347,267.14375024726917,271.61851460827313,278.0888579797246,281.4786874894041,279.0755461833913,272.4909537835093,265.60529156480203,260.7088852048837,256.8128324607479,251.81177145314354,246.1351438070435,243.838318468172,249.54784109989342,263.90284752796913,281.90421271705685,296.03804663353407,301.58031980908896
2024-11-19,299.4380673549558,294.23090286512587,289.763387817362,286.2697126046178,281.7497594010133,275.5250255865882,270.024062170814,268.80203211314256,272.7989901780863,278.757195614767,281.6076262305208,278.6450382465774,271.4882172993919,264.02477393059826,258.552138528282,254.08830366250396,248.53451062824058,242.3264354504213,239.5252410956391,244.7627616527559,258.68285772316926,276.29051518084157,290.07529923369407,295.31594706231107
2024-11-20,292.9215481415643,287.51304391059654,282.8955925125275,279.30325472234233,274.73507113431,268.51100907622646,263.0574333206762,261.92670501091646,266.0555098495182,272.1822261602699,275.23350061317205,272.4993751654339,265.59360964909126,258.398552392411,253.20621281826533,249.02908291706834,243.76290336120348,237.8379284452556,235.31005555741973,240.80608391527423,254.96514083162077,272.7878467245522,286.75982995131534,292.15637393203997
2024-11-21,289.883644956437,284.5602317369263,279.9895418946906,276.4045110976711,271.8036946241768,265.5072196394734,259.94225219633483,258.6625834344086,262.6069362089528,268.5163030508061,271.3204836568722,268.3131659787139,261.11219595552063,253.6043889880615,248.08653788691666,243.57616506115642,237.97421563962112,231.71624668796184,228.86347924027018,234.04797892509225,247.91400448963583,265.4670965019151,279.19751832220805,284.3848328270305
2024-11-22,281.93906423948647,276.48217701700673,271.82041784063904,268.1889771724147,263.58804082754284,257.33871042949545,251.86844722481212,250.7306440897171,254.86292721349852,261.0044984729107,264.08268671185306,261.3880518702438,254.53468677323434,247.40506932151254,242.29111934893723,238.20500733479582,233.04191098917732,227.23127410221818,224.82793352564516,230.4573791401399,244.7571851294719,262.7261838040274,276.84799299761147,282.3956794286831
2024-11-23,280.27300627909455,275.0959958479656,270.6653522480477,267.2111995711865,262.7292049731466,256.53656460580567,251.05750601061402,249.8429110245812,253.82865998072802,259.7530076411505,262.5431585825163,259.4903856190406,252.21033582495588,244.58787677499538,238.9181372714907,234.21728987634157,228.38527151449432,221.85699692477243,218.6934313119761,223.52678765894512,237.00188773862254,254.12525885845633,267.3885782760913,272.07324862335014
2024-11-24,269.0915536393662,263.0681261481825,257.8122743710211,253.5626231460298,248.32314066479682,241.41902980286864,235.2821387947073,233.47049640986233,236.92657346525473,242.39458211383442,244.80698155564266,241.45953460417834,233.97156041831033,226.23073667390167,220.53410598080126,215.8988342863987,210.2249178386571,203.9463936499509,201.12241987185854,206.3824914546843,220.36782991595476,238.08051892887073,252.00699719363934,257.4226913750123
2024-11-25,255.2332377153507,250.05602348003518,245.69259345205705,242.37337709923153,238.09380599640224,232.17029950949555,227.02577237192472,226.20926815311157,230.65431930230284,237.09634403353814,240.45924755477571,238.03057094310634,231.42183190144243,224.51340963672664,219.59562770918407,215.67958170971445,210.65990754384077,204.96604457248952,202.65335942932177,208.34839541689956,222.69028595208766,240.67990354251842,254.80335565019357,260.33661025415046
2024-11-26,258.1866998659111,252.97323543235456,248.50077573705966,245.0035084315788,240.48131290226678,234.2556836948113,228.75516893766132,227.53492866332994,231.53501466333938,237.497683168173,240.35390892036875,237.39844503185682,230.25007398437504,222.79640311837613,217.33485957847125,212.88343264495748,207.34336027953714,201.1503151281706,198.36545673688278,203.62061572833238,217.55964919503157,235.18753945846981,248.99384813104015,254.25730875503177
2024-11-27,251.8870071241494,246.50388095436614,241.91308462265016,238.3486750966597,233.80968912109063,227.61609013271928,222.1942389718099,221.09649280841774,225.25953333072982,231.4217348077371,234.50973981424806,231.81358617209176,224.94702953820018,217.79241402565862,212.64174480342416,208.5075095680502,203.28544465960167,197.4058000017664,194.9244685726423,200.4682451425143,214.67625253836218,232.54910665384645,246.57243128831306,252.0215052609588
2024-11-28,249.8024902275149,244.53397022923747,240.01934817798838,236.4915549987086,231.94914118918115,225.7122290988836,220.20797992941732,218.99017993434506,222.99754704766048,228.97106884455246,231.84054003190406,228.8996435371999,221.76622024186187,214.32708045513766,208.8790118632612,204.43953171749848,198.90957995650822,192.72470842329852,189.94613289722867,195.20591371986143,209.14830432034296,226.77883991698388,240.58777848940224,245.85467750284192
2024-11-29,243.48955573837515,238.114372181742,233.53536801177552,229.98772815861196,225.4716328771109,219.30817820053585,213.92481975667778,212.8749447747175,217.09617376853032,223.32770291123956,226.49685531624067,223.8941851650934,217.1337794977597,210.0981104032105,205.07909187597218,201.08888853177274,196.0226721898842,190.30988072456955,188.005345046377,193.73454906975886,208.13506098748735,226.20570709504912,240.43009918655432,246.08129791776153
2024-11-30,244.06306038382684,238.9914027742787,234.6670230692796,231.32003920548672,226.94611216145228,220.86243188947805,215.49321971012552,214.38935121803496,218.4867004828971,224.52351598237578,227.426995988874,224.48840699161377,217.32338972044855,209.81680538593235,204.2637764070809,199.68046894367677,193.96681349967048,187.55771837492034,184.51414231717882,189.4682918344203,203.06498220735472,220.3107342344651,233.697218646608,238.5058315349851
2024-12-01,235.6488500785662,229.75090052763704,224.62128451351487,220.49862026926638,215.38686936653323,208.61122804626257,202.60353789419122,200.9218210170722,204.5085415555304,210.10790497237394,212.65236376534233,209.4376740320754,202.0831482037662,194.4764572162411,188.91463692750665,184.41484652182805,178.87707547260447,172.73535400712888,170.048833481182,175.4470020390555,189.57107438215985,207.42312735855134,221.48959283320355,227.04589062733749
2024-12-02,224.9976501308919,219.96225174831997,215.74123339381853,212.56501765872852,208.42902923333753,202.64968059280568,197.64987957284347,196.97866283802028,201.56955592702695,208.157970137424,211.66780375504868,209.38659092960535,202.9258424316483,196.16593053146937,191.3971718476041,187.63065502575978,182.76100902238989,177.21766624605252,175.05598637453497,180.90250575224516,195.39635083509404,213.53838716748163,227.81471524645173,233.50129608442208
2024-12-03,231.50515522523781,226.44589664656382,222.12807216273964,218.78586245528288,214.4191399404868,208.34939219419726,203.0051603758779,201.94159754934685,206.09874853842928,212.2188626087687,215.23290753779042,212.43562947550367,205.4458039437337,198.1510313259085,192.84873181198856,188.55688773121415,183.1767300975944,177.14392461337744,174.5196238843807,179.935651597625,194.03585791635464,211.82521823448508,225.7932872443625,231.21879157319927
2024-12-04,229.01081010562228,223.79027365407194,219.36232969904995,215.96102831800675,211.58539937243683,205.5553994230579,200.29738244215497,199.36369873882762,203.69102314880968,210.01772309703017,213.27043432276866,210.73918782124568,204.0377324319668,197.04840546045827,192.06320527711267,188.09461279050743,183.03835756290482,177.32468275084724,175.00947457573628,180.71952106277337,195.09393830504408,213.13333547377607,227.3233296579985,232.93919297876363
2024-12-05,230.88708040637147,225.78556930829922,221.4380559371935,218.07746457077292,213.7023390739016,207.6327951756224,202.2959874728493,201.2456956275784,205.42063099704535,211.5617745946323,214.59891457989443,211.82572734901808,204.86004726724187,197.58867814343193,192.3084011794769,188.03672715874706,182.6745895684694,176.65753381656663,174.04676926509967,179.4743498550806,193.58452263260108,211.3828164506907,225.35948294201148,230.79407324245443
2024-12-06,228.5965998227358,223.38901537664526,218.9775548100846,215.59739679916882,211.2487153643483,205.2526003245813,200.03650111133706,199.1537987798979,203.54210768910474,209.94061787772554,213.27664634618293,210.84074118299156,204.2469833569187,197.37783890694266,192.52521579907,188.70127264268058,183.80117527237684,178.25435559988492,176.11563859615654,182.01050225827402,196.57650888456226,214.81247889907996,229.2020182482437,235.01818176281006
2024-12-07,233.16472073721422,228.257645583894,224.09764853003858,220.91484178346826,216.70488061834266,210.7849493076991,205.57926351691253,204.63869321095132,208.8991068548902,215.098747347379,218.1648074068815,215.38854799510648,208.3856043399083,201.04083217607183,195.64934847338904,191.2273139679236,185.6746537681904,179.42627080397236,176.54311848086482,181.6573979914075,195.4139193282565,212.81919802938276,226.36489959279461,231.3324149048363
2024-12-08,228.63401596726675,222.89432388203886,217.9226351588228,213.9575629396494,209.00306373227576,202.3843287429209,196.5331945515472,195.00767828829646,198.75023914610722,204.50507766977086,207.20464146832126,204.14468178036805,196.94450620803394,189.49178088760058,184.08353690818535,179.73692871472127,174.35194107200746,168.36259952909603,165.828050794197,171.37777839448142,185.65299244537138,203.65576523970188,217.87252411840223,223.57868440990012
2024-12-09,221.67987104258862,216.79345999103987,212.72098477058853,209.69286360602652,205.70451685246042,200.07235268187833,195.2192746589004,194.69431520886587,199.43099566373968,206.16472314655113,209.81939180096722,207.68253166708394,201.36564943852807,194.74911334101174,190.12323598198424,186.49910202811776,181.77133649036332,176.3693678646965,174.3485519495432,180.3354212429202,194.9690983879293,213.2504451494084,227.6655582783329,233.49039507471036
2024-12-10,231.63197740343676,226.70990559725126,222.52872785864614,219.32262129193285,215.09145476959068,209.15671235765473,203.94693174001466,203.01726253897056,207.30774617076787,213.56062852784578,216.70687404867198,214.0412255788986,207.18245536916174,200.01816056781257,194.84575816339435,190.68322731821405,185.43179591333148,179.52712655401717,177.03036878280483,182.5733432582576,196.7998971498456,214.71500289281278,228.80821225500128,234.35824897460066
2024-12-11,232.27418908165504,227.17696056906738,222.87170813264734,219.59247910001892,215.3383006180024,209.42912656731667,204.2913082754804,203.47719344176244,207.9234543271332,214.36845581651875,217.73883114474847,215.3246088371863,208.7395352988357,201.86594543562978,196.99583525349533,193.14168333163036,188.199216937982,182.59867696987686,180.395947424643,186.21781413835313,200.70339104890354,218.85328521190354,233.15311162901924,238.87814037380141
2024-12-12,236.93452440249524,231.9408391037834,227.70047878644212,224.4463658192272,220.177042193133,214.21262179806138,208.98025742685047,208.03372697214218,212.31174005713444,218.5552759950251,221.69412128104682,219.02195068102932,212.15659696506177,204.98486238130585,199.8035266055971,195.63009893001976,190.3655113847356,184.4453079555746,181.93069661674707,187.45372995578026,201.65865369962086,219.5509954168581,233.6210054893985,239.148233837168
2024-12-13,237.04269174878834,231.92633077019076,227.60538469339065,224.31503111461666,220.05544300843476,214.14770918166818,209.01927808762383,208.22352983705412,212.69807787761923,219.18211137188143,222.60294647560522,220.2511304672523,213.74074353929265,206.95425098595766,202.18356006405628,198.44082870544258,193.62122210100122,188.15417155043886,186.09450144731028,192.0676892431646,206.71129672379192,225.0241438330209,239.4898360699114,245.38142785029748
2024-12-14,243.6026700861376,238.76957283935985,234.68282801922544,231.57254754744798,227.43438644412942,221.58552875998393,216.45018997047526,215.57923988145666,219.90854683101838,226.17635362219096,229.30985290915484,226.60030562059964,219.66334698243736,212.38383275897593,207.0568799797055,202.69864947173187,197.20906646519904,191.02303404253473,188.2015057906057,193.37668311629258,207.19337625506358,224.65810101701277,238.26252320641186,243.28803403984983
2024-12-15,240.64690588305925,234.9637602300732,230.04789401280527,226.13792082443328,221.23779765314066,214.67271621455126,208.87451362742786,207.40120758893426,211.19525788790634,217.0008656937675,219.75047926836925,216.73985053148692,209.58828779436232,202.18345793078475,196.82239279462684,192.52224762366308,187.18300800298366,181.238700329465,178.74847218589179,184.34180800174548,198.65991882139124,216.704877893311,230.96311354087146,236.71004210142422
2024-12-16,234.85128953878632,230.0042328886836,225.97040675437586,222.98023047332458,219.02912554024886,213.4335012915369,208.61626248190152,208.12644275183806,212.89756467370364,219.66503663541403,223.35275407152466,221.2482483358225,214.963027461212,208.37746103690773,203.78186305668888,200.1873195996373,195.48845711117164,190.1147055457276,188.12142218394217,194.1351410289152,208.79498625199614,227.10182116898486,241.5417441051092,247.39071395641247
2024-12-17,245.55575420674273,240.65646682977996,236.4974016910226,233.31273757944015,229.10234507396927,223.18770996888202,217.99737169690556,217.0864816508169,221.39508303813392,227.6654235634505,230.82846949743615,228.17896553907397,221.33568581213132,214.18622935809154,209.0280150786568,204.87902406834476,199.6404861609398,193.74806593263816,191.26291491678182,196.81685578129708,211.05373772360466,228.97853522542638,243.08080211936328,248.63926422792903
2024-12-18,246.56299968078702,241.4729385901535,237.17422778821583,233.9009167561477,229.6520348116665,223.747538023704,218.6137799240884,217.8031104335071,222.25220405060628,228.69942791427889,232.0714175290159,229.65820370616768,223.073535152027,216.19974908929714,211.3288438558005,207.47330037808,202.52884828579613,196.92573085267736,194.71983446728166,200.5379473708146,215.01918592040983,233.16415960461342,247.45848587230228,253.1774372567907
2024-12-19,251.22716918817633,246.22625954148504,241.97810512495246,238.71563081952064,234.43738114004555,228.46347251404188,223.22106028257235,222.26392489928648,226.53077855949468,232.76260316025238,235.88918779181444,233.20420982609633,226.32550465022186,219.13987713972617,213.94410960886705,209.75571399767335,204.47562499483644,198.5393892544001,196.00821742848774,201.51416479175018,215.70147976784884,233.57569263089934,247.62705647725824,253.13512395006518
2024-12-20,251.00990906936943,245.87336612118375,241.53173164497002,238.22018599299952,233.9389049030401,228.00897995275147,222.85786237342074,222.03893506106726,226.48981425514162,232.94969191687596,236.3458870071056,233.96894961551874,227.4329627521372,220.62039453412245,215.8231550476192,212.05340505865945,207.20631259717243,201.71131180831185,199.62322993497037,205.56754728229743,220.1818284964819,238.4648963826471,252.90035930749605,258.76127455785195
2024-12-21,256.95139592040175,252.08673633534147,247.96799059317038,244.82527350044273,240.65424296467722,234.77208592688197,229.60302075519712,228.69792015088683,232.9926553490906,239.22547205219826,242.32356581542842,239.57820047004773,232.60501414612838,225.28886551291214,219.92487450652555,215.52920486077983,210.00178471365814,203.7775200557627,200.91736738247073,206.05353100894422,219.83082407824105,237.25576531144915,250.82002341748284,255.80499252098028
2024-12-22,253.12294789410888,247.39851393532842,242.44099048092835,238.48899402671265,233.5464844620554,226.9386564007945,221.0973498600241,219.5805854317894,223.33082579797053,229.0922750181374,231.7973842424067,228.741908275281,221.5451583102707,214.0948041000443,208.68788037403587,204.3415452420815,198.95578715764276,192.96463538228744,190.42724035933875,195.97308937465687,210.24339632449215,228.24023730514529,242.45004348239723,248.14823403194018
2024-12-23,246.2404377503878,241.34403450131148,237.2605617104448,234.2204415320851,230.21909827240808,224.57294407335038,219.7048864882924,219.16396195193772,223.883695823391,230.59949927095676,234.23527050336594,232.07854364140593,225.74082947833188,219.10250035644395,214.4538730155389,210.80603627312277,206.05361930594944,200.62605479110815,198.5787027254445,204.5380998193424,219.1433729434252,237.39538810493156,251.78024631140582,257.5739091333561
2024-12-24,255.68340272000438,250.72833170173485,246.5132485916858,243.2723348172396,239.00546358673944,233.03412331422334,227.78685604284084,226.81881576603774,231.07004828238126,237.28280387701977,240.3880513919697,237.6805380866196,230.77904063529445,223.57116061937748,218.35431946995004,214.14650080016526,208.8489369515696,202.89729499753946,200.35272895682593,205.84706397232216,220.0241517046332,237.88896908635388,251.9310723933157,257.42918987395234
2024-12-25,255.29240207576638,250.14164151605456,245.78205741937865,242.44770164860336,238.13760588976567,232.17172856795378,226.97642555931168,226.10404911545885,230.49127605378794,236.87647581914402,240.18628620903644,237.7107403149309,231.0635891099568,224.12717207106374,219.1934897762888,215.2750253794672,210.26751072409866,204.60119128424805,202.33195563480888,208.08659418998542,222.50422546605887,240.585461096491,254.81592066129429,260.4708788108923
2024-12-26,258.45649307835913,253.3913434271057,249.07882874009783,245.7518759574392,241.40903163994008,235.37041424560437,230.06318113226632,229.0411147539162,233.24292929327535,239.40960861897258,242.47094377807522,239.72061408426524,232.77645685126902,225.52527886648232,220.26386434017894,216.0097270935583,210.66380368099738,204.66164260700964,202.0644563581933,207.5043020288349,221.6254298462266,239.43337187243213,253.41838297621806,258.86001755738545
2024-12-27,256.668291376894,251.4651604454158,247.05686301179583,243.6785811212631,239.3304921886658,233.33368945259488,228.11562578960496,227.22968572428024,231.61348710870476,238.00622350060638,241.33521544096033,238.89101458365928,232.28770548526683,225.40775779531566,220.54308311400817,216.70584370605798,211.79120908310964,206.22861485580285,204.0728897159252,209.9495154008817,224.49605797278625,242.71134163560322,257.07897613845773,262.87202013556697
2024-12-28,260.99422876120263,256.06161628882626,251.87487882484652,248.66413247491,244.42503642899072,238.47477889418516,233.23757948731293,232.26431214202876,236.4908493089668,242.65543788934306,245.6852746200464,242.8716244978449,235.83012680108737,228.4456413306483,223.0132891374343,218.5492350534612,212.9534082979397,206.66071592575668,203.73211548035,208.79981230771898,222.50862056513057,239.8650599709547,253.36080021519922,258.2772363861949
2024-12-29,255.5266447036196,249.73365049643922,244.70755451497536,240.686974152338,235.67587017785166,228.9994380703553,223.08951869375136,221.50413347098967,225.1857458983781,230.8785608331379,233.5150302063247,230.390909587602,223.12551091861513,215.60650468390656,210.13092632837325,205.71593466119413,200.26151881860946,194.20170872852572,191.59565548491494,197.07284700762585,211.27449781083223,229.20268459248956,243.34383910453232,248.97338109199833
2024-12-30,246.996939905351,242.0318959459902,237.87978716150758,234.77103621210128,230.70106789411102,224.98629482432028,220.04962501444987,219.44009534247385,224.09123159472648,230.7384453525334,234.30563521989717,232.08033569926874,225.67405795002492,218.96717466370217,214.25000291637855,210.53363184524932,205.71269093204924,200.21661314354088,198.10075875176392,203.99166472684243,218.5284581845993,236.71200536263888,251.0284074841316,256.75362632074325
2024-12-31,254.79468820801515,249.77119794862142,245.4877082129168,242.17840057188175,237.84314836275527,231.80344011444092,226.48781797081745,225.4514360122067,229.63434010992293,235.77878060810184,238.8157263940175,236.0399247586064,229.07015239422643,221.79401088656687,216.50892165809148,212.23286829940628,206.86708311670006,200.84723313494501,198.23447231073632,203.66062571271976,217.76954491401233,235.56620674690163,249.54016737430416,254.97015491929454
2025-01-01,252.765249791364,247.54638435777562,243.1187076801682,239.71627144698206,235.3381071576536,229.30417303775846,224.04082475353732,223.10041433426474,227.41961836313573,233.73680603957214,236.97861490412936,234.4350777799703,227.71994536096432,220.71555683316433,215.71391247352943,211.72749512307223,206.65203630225903,200.91778115138243,198.5806179009597,204.26733661040046,218.6170554309083,236.63038562066174,250.7929463743713,256.3800119472411
2025-01-02,254.29773946723225,249.16470848312872,244.7843174532294,241.3894928840407,236.97878089310362,230.87229948635735,225.49720555913,224.40728109611632,228.5412398003357,234.64006505187746,237.63354740234368,234.81536565946632,227.8033566238239,220.48432656154307,215.15505915223892,210.83306768051187,205.41928815484144,199.349268526851,196.68422072234097,202.0562012675313,216.10945981425243,233.84952784223123,247.7666596304138,253.14040898237795
2025-01-03,250.88079105586044,245.60976125178058,241.1335572027172,237.6873603312402,233.27134742346567,227.20661108302477,221.92060354571947,220.966708689542,225.28254371447537,231.607301520158,234.86830198485666,232.35609609384116,225.68476773044713,218.7367858657821,213.80406141715918,209.89875596062183,204.9160383162288,199.2853433977555,197.06149919593457,202.86998674332085,217.34837139269789,235.49547663563393,249.79491150436277,255.51973393356084
2025-01-04,253.57369833395165,248.57281825258087,244.31778906623214,241.03872614793744,236.731287952514,230.7126619489392,225.40706701363592,224.36537633749052,228.52346162627614,234.61956903389708,237.58089454863602,234.6987024164038,227.58863116340353,220.1355398367376,214.63454873226294,210.1018219258381,204.43728787941131,198.075852889927,195.0784737420404,200.07735502241084,213.71731012845964,231.0048580187672,244.43166762289988,249.27913326935672
2025-01-05,246.45953041784773,240.59748363782427,235.50229292049636,231.41257490052115,226.33228958954467,219.58663170951598,213.60744136924035,211.95273923623284,215.5649880546046,221.18839192971546,223.75540204284164,220.56177321554281,213.22681664342915,205.63820206733254,200.09296419022576,195.60826108209417,190.08408114255366,183.95445356572287,181.27852871410516,186.68579377980518,200.81746255203868,218.67561100702443,232.74667017857644,238.3060590972433
2025-01-06,236.25940640281095,231.22409178951153,227.00165250239527,223.82251050285498,219.68208989290494,213.89680259935892,208.8895559491272,208.20938613939703,212.7898182810623,219.36626328501896,222.86261909004773,220.56641953899538,214.08917513581434,207.31125792453776,202.52298433761052,198.7354428754764,193.84326238828498,188.27587521875807,186.08864102003656,191.90809614996897,206.37336712081486,224.48531956970905,238.7300541288464,244.383531985354
2025-01-07,242.35277889753263,237.2573990976761,232.90194469388706,229.52059670202624,225.11322791206183,219.00132631346153,213.6134335190144,212.50470308563374,216.61518036962605,222.6871152087716,225.65147599234876,222.80300952201776,215.76049200959136,208.411524569505,203.05352816150364,198.70448592306352,193.26562971650077,187.17262613255184,184.4866287025729,189.83946208049286,203.87497743312562,221.5981512003251,235.49853915695485,240.85486905217414
2025-01-08,238.5762209312272,233.28352680648436,228.7819353969888,225.30549805794178,220.85324596705038,214.7451370388959,209.4075266398835,208.39276651059146,212.63753295718936,218.8801949130349,222.04738966419234,219.42914979157575,212.6392257580396,205.5599565307898,200.4833421798329,196.4218653516144,191.27125738403626,185.46176324707676,183.04927101388822,188.66057059868155,202.93478002027518,220.87251041710505,234.95938087759015,240.47066556294584
2025-01-09,238.3125215207226,233.10352823241482,228.6470841023774,225.17611559635634,220.6891688049297,214.5063617209214,209.0548512396361,207.88841936008959,211.94577981336616,217.9679160218148,220.88461859287446,217.9895664051587,210.9005963442717,203.50451477425935,198.09810548961434,193.69888190284672,188.20778016580908,182.06034838627986,179.31779866422806,184.61218771278322,198.58776538624687,216.25006338181782,230.08933621155194,235.38513792684154
2025-01-10,233.0474839489772,227.69832995776378,223.14391388025524,219.61941744871476,215.12501777503752,208.98180780448484,203.61724012974668,202.5846990020521,206.82180201045102,213.06774245983357,216.24984064932352,213.65864800197073,206.9082488545966,199.88111264827518,194.8691507865742,190.88452534850597,185.8224056733216,180.11222721076354,177.80881850342467,183.537661153798,197.93632110024487,216.00362243601512,230.22317481592472,235.86803680814148
2025-01-11,233.84196347779763,228.7609690428197,224.4257495665599,221.06642112759653,216.67864290224534,210.57960309852012,205.19352134906006,204.07127161858853,208.14872640361662,214.16413266642996,217.0446872211051,214.08165515678212,206.89067586049475,199.35660925743989,193.7745765397274,189.16074269636778,183.4150371205563,176.97236705818827,173.89369026046018,178.81121229811436,192.3697475708259,209.57581605696214,222.92108772374314,227.68695795528677
2025-01-12,224.78570328455365,218.8419493726315,213.6649973197152,209.49346488712496,204.33131323231083,197.50373823998967,191.44258119987092,189.70586397866083,193.23605053737586,198.77734621640613,201.26220345007755,197.98637833103618,190.5691833440266,182.89828953722895,177.2707329381179,172.703672960633,167.09709936545784,160.8850427260948,158.12665480252426,163.45142420209697,177.50056614766237,195.2761580668377,209.26463246302785,214.74140985436463
2025-01-13,212.6121203861672,207.49414527645104,203.1890233114595,199.92717801242065,195.70403505869768,189.8360079725723,184.74600569418084,183.98306605220114,188.48071580645558,194.97436753484857,198.38792086099872,196.00891133034955,189.44885116738914,182.58811415405916,177.717018479077,173.84665441616045,168.87165260678128,163.22144720256264,160.9513996831381,166.68804825044762,181.07052127807466,199.09968628247472,213.26164579147343,218.83236290787528
2025-01-14,216.71886531954374,211.54075920792604,207.10259864689937,203.63856663531016,199.14853796337133,192.9540026378184,187.483504305824,186.2921985757161,190.32013287234656,196.30955911828943,199.19144780545196,196.2605478540154,189.1356376117015,181.70432034513146,176.26401918299314,171.83271944825162,166.3116552050032,160.13649526255455,157.36839538689668,162.63918248290224,176.592709984453,194.23395661491983,208.0524804482625,213.32701154917203
2025-01-15,210.96663229419164,205.59227704269912,201.00909687662158,197.4511455298525,192.91745657364584,186.7279903327629,181.3091045984437,180.21315355166325,184.37681595435023,190.53846321034857,193.62473509194234,190.92566668071515,184.05501095540268,176.89510941370204,171.7379646708812,167.59606193330688,162.3651351132133,156.47543176950288,153.98284257838304,159.51416007148043,173.7085048988822,191.56649084478988,205.57373965657973,211.00552816900284
2025-01-16,208.7680161163053,203.4797856805184,198.9442379799124,195.3943022074832,190.8285271944339,184.56703368716984,179.0369813477343,177.79215495475003,181.77127103144443,187.71531580613723,190.5540827030731,187.58125343102063,180.41466771820723,172.94113478317635,167.45744128699897,162.98110352083015,157.41306052688498,151.188863315251,148.36972689904107,153.58771091637968,167.4870681594128,185.07333327113128,198.83676372275266,204.0569165351476
2025-01-17,201.6438101099878,196.21940311756595,191.58993648666805,187.99059496106105,183.4215586745534,177.20392360423077,171.76514538504424,170.6586113196376,174.82194205834622,180.99433397695572,184.10311045473884,181.4388260041256,174.61556806024956,167.51580917177836,162.43146385808862,158.3746973229043,153.240682038667,147.4588565966301,145.0840526886615,150.74175507508681,165.06953285961237,183.066213308403,197.21540925687626,202.79018246115373
2025-01-18,200.69429118194026,195.54375283818064,191.13926670340973,187.71095207152143,183.25447134140347,177.08701594879858,171.63280876247285,170.44272698744004,174.45264636711977,180.40081711641673,183.21443930748086,180.18478129291904,172.92748572836067,165.32741581301445,159.67969601730024,155.00049461352043,149.18974428272733,142.68235556305552,139.53928950169805,144.39275497001375,157.8875696716746,175.0302568926817,188.31248991151136,193.01566742679148
2025-01-19,190.0520692892087,184.04632447997147,178.8077374229371,174.57492920503432,169.35186431184857,162.46374195885917,156.34240676706509,154.545883938488,158.0166407694065,163.49888593745527,165.92507521617463,162.59096803706566,155.11588022567653,147.38748617138333,141.70282524326683,137.0790601975101,131.41618413696395,125.14823097695867,122.33435581971105,127.60405061387044,141.59853392306925,159.31988651476468,173.25454423164527,178.67793092932337
2025-01-20,176.4956800895634,171.32517626517463,166.96796157541067,163.65446287225015,159.38010916388848,153.46131729929124,148.32099954207328,147.50819704207487,151.9564398772036,158.40114394035325,161.76621216639492,159.33918340900524,152.73157319681096,145.82375861197485,140.9060611393948,136.9895743440728,131.9689321551692,126.2735720062718,123.95885865470775,129.65133357455537,143.99012840624874,161.9761139274056,176.0953959216797,181.62394074122145
2025-01-21,179.46877931734278,174.2495210688254,169.77072329915958,166.26657223147012,161.73694587246774,155.5033374385333,149.99429377866613,148.76497369578783,152.7554278013489,158.70791119686453,161.55339754424352,158.58663892620413,151.42641684371142,143.96033770806736,138.48582778353617,134.02087551952116,128.46671809718416,122.25902743281166,119.45896239028767,124.69835296181193,138.62105565845997,156.23205227023655,170.02090392748642,175.26634373993485
2025-01-22,172.87745711843485,167.4751814453229,162.86467081401295,159.27998195814084,154.72015143684337,148.5051425509935,143.06131605533608,141.9410290814678,146.08096333030292,152.21949313105168,155.28326116843644,152.5623054231276,145.67038175970316,138.48983454754048,133.31266926040263,129.1513739482354,123.9016853530953,117.99385384911447,115.4837729130558,120.99823786194268,135.17637211646087,153.01879221597443,167.01112264755477,172.42864296999227
2025-01-23,170.17751562560255,164.87632548865633,160.3284763528016,156.76690007058127,152.19014811562704,145.9183438600507,140.37864957447655,139.12485262903505,143.09567212068077,149.03209683398217,151.86392273158918,148.88483404287408,141.71267299729027,134.23425129777758,128.74635807044592,124.26651205262057,118.69565471302246,112.46933947060316,109.64878372693157,114.86604948886566,128.76539189808187,146.35234792679415,160.117177355376,165.33943949367335
2025-01-24,162.92915501153925,157.50828482727786,152.88307209589783,149.2887037673192,144.72536215960508,138.51414541288204,133.08251130344135,131.98384925364687,136.155782011364,142.33750802784886,145.45635273551878,142.80287267739607,135.9911572965881,128.90368112665428,123.83236064928155,119.78936300666375,114.66986258674586,108.90329987262247,106.54450842433066,112.21897484615602,126.56427006104778,144.5792231338689,158.7474486684772,164.34201016881198
2025-01-25,162.26666761766134,157.13744013125216,152.75502865478327,149.34955412921218,144.91668057480425,138.77360102294864,133.3445399124731,132.18037599247643,136.2169865247932,142.19262321562417,145.0344876030196,142.0338494782908,134.8063529094251,127.23686248096827,121.62050402169358,116.97344713523577,111.19562580646658,104.72195185012909,101.61338756225479,106.50214303533764,120.0330371661213,137.21259440602833,150.5324891702482,155.27412126625578
2025-01-26,152.3497716248708,146.38407027891236,141.1863226750278,136.99515089401982,131.81452038640913,124.96963130330411,118.89232917216408,117.14064007196718,120.6570321462809,126.18571489080703,128.65914486659898,125.37308226298211,117.94684363400326,110.2681040651937,104.63390359419066,100.06140561358286,94.45060383253725,88.2355327412324,85.47534798730985,90.79954203285031,104.84933392397302,122.62680487985752,136.61839116302014,142.0995170180807
2025-01-27,139.97581628395616,134.8646738390728,130.5676320965348,127.31511817032305,123.10256129874031,117.24637852864505,112.16948228952243,111.4209138648006,115.93420343365494,122.4447669574525,125.87650740753776,123.51696364093743,116.97765115712471,110.13894697611327,105.29117248780604,101.44542112917078,96.49632666810166,90.87332634422721,88.63178468630036,94.39824290829071,108.81183235576931,126.8734234772623,141.06912169772846,146.67489297117078
2025-01-28,144.5977678007448,139.457355142006,135.05821180188894,131.6345234724893,127.18616759555593,121.03463678826348,115.60847726670066,114.46284716597089,118.53779639561446,124.57557932099992,127.50716883328029,124.62731620996738,117.55480211213593,110.17723207695718,104.79203145925902,100.41718776479348,94.95393719609076,88.83795065614568,86.13038596018582,91.46307201750778,105.47986422087,123.18574320698735,137.0702689179766,142.41217324021403
2025-01-29,140.12054032620398,134.81630626435225,130.30462381974954,126.81954836117265,122.36011504907006,116.24628574936564,110.9044197472152,109.88687266861662,114.13032467386878,120.3731485159656,123.54198526896084,120.92687126584734,114.14156068906397,107.06839619099983,101.99938149044303,97.94700285010286,92.80699518739192,87.00960701679928,84.610729919601,90.23715728231954,104.52801055938568,122.48390428822408,136.59046091864766,142.12295793668036
2025-01-30,139.98755567647396,134.80283686819,130.37220312646392,126.92858408892613,122.47052897894217,116.31815888275254,110.89863375019259,109.7657385944989,113.85819012057493,119.91697468575866,122.87188578985874,120.01660516414064,112.96897250458846,105.6157969456583,100.25386500945207,95.90069279344632,90.45721909271722,84.35899461642632,81.66723402146815,87.01399653493688,101.04353448364053,118.76138198984007,132.65779594885066,138.01233275225778
2025-01-31,135.73501011381435,130.44778596299764,125.95690043076695,122.49753740793133,118.06987611913044,111.99501157659519,106.70039839369608,105.73942279573973,110.04970429901061,116.3704380889954,119.6289462975396,117.1157821335298,110.44503167146371,103.49916604214765,98.57009829050143,94.66999208833023,89.6940183189866,84.07161392711973,81.85760890108048,87.67748623948482,102.16881322608921,120.33041525306868,134.6459032187202,140.38833688733305
2025-02-01,138.4614724696949,133.48132527636085,129.24859241418108,125.9933909527923,121.71138100755998,115.71975167404145,110.44272342102386,109.43117099574441,113.62096762565874,119.75036095043113,122.74654840890008,119.90079566196927,112.82874261456922,105.4152496565888,99.95543839030113,95.46547416153425,89.84528666561891,83.52978339615478,80.57992229745656,85.62790907864671,99.3185582222078,116.658389734424,130.13907355489133,135.04200498443095
2025-02-02,132.27946041713963,126.47606531861578,121.4411205381372,117.4132435288186,112.39639508390275,105.71577066752427,99.8032110900305,98.21673768422346,101.89881381797508,107.59364418238985,110.2336805041846,107.11467811028801,99.85594866317409,92.34516232823063,86.87935419454243,82.47568267819915,77.0341364827596,70.98874506607805,68.3986590152711,73.89336570328342,88.11407906241108,106.06287516704104,120.22618511012716,125.8794279393121
2025-02-03,123.92823226964644,118.9899777293327,114.86620145429663,111.78732525571705,107.74877304263978,102.06695650688087,97.16478269716694,96.59128749089014,101.27999563539416,107.96631763549,111.57415098078069,109.39102902179614,103.02846172721785,96.36682056133712,91.6964213348698,88.02835188087958,83.2572403400485,77.81251830105876,75.7495446183425,81.69485480818702,96.28757449470778,114.52856838610211,128.90393613839737,134.689637918398
2025-02-04,132.79269841892744,127.8327207629627,123.61425590329918,120.37148365670119,116.10427556805597,110.13411833563755,104.88955223744003,103.9257294488239,108.18269389914958,114.40269395366101,117.51669648323872,114.81944672536721,107.92971928166207,100.73511361023508,95.53304896825368,91.34150674436896,86.06171700575581,80.12934450159324,77.6055408751562,83.1221288455636,97.32295759806634,115.21300154422913,129.28181438379994,134.80812174387856
2025-02-05,132.70100150087367,127.5813834508457,123.25441404963141,119.95414234155824,115.67959714629191,109.75073397390537,104.5939057371875,103.76146167682182,108.19007555144182,114.61811369806465,117.97221076103372,115.54239662915987,108.94241902705322,102.05461413559723,97.17097918940338,93.30399395313287,88.34938683426897,82.737399823519,80.52391796810912,86.3357281071401,100.81194513611423,118.9531770226508,133.24503963469215,138.96280386635078
2025-02-06,137.01262344868672,132.01307449860732,127.7675520072728,124.50897897900582,120.23589799440504,114.26842348736812,109.03370874665018,108.08553211546622,112.36260362036356,118.60590293167704,121.74521685497574,119.07422041892164,112.2107466099809,105.04159784574931,99.86355392460395,95.69412421389909,90.43424077205106,84.51944756587366,82.01095250397627,87.54080805978842,101.75325980112694,119.65383508592042,133.73278404345973,139.26965629027765
2025-02-07,137.17446276428433,132.06915461491317,127.75996518824353,124.48207158898799,120.23564625157671,114.34177739559226,109.22791283963349,108.44743201213508,112.93794763083847,119.43864808086794,122.87684869321234,120.54309587440301,114.0514688964512,107.28443208713519,102.53389168839732,98.81200456944914,94.01393481150124,88.56911255807076,86.53236099758367,92.52915633005628,107.19705904228961,125.53488773211907,140.0262465049973,145.94418833587372
2025-02-08,144.1924626485693,139.38707797017,135.3287246276759,132.2475129138866,128.13909617287467,122.32065673201922,117.21640829780854,116.37721885864619,120.73895489005712,127.03985728454408,130.20711673988032,127.53199218195341,120.6301167873318,113.38634422460056,108.09578938114899,103.7746108958735,98.32273176467558,92.1750527898747,89.39252523233752,94.60734812693187,108.46432929039871,125.96998207247051,139.61596976575728,144.6836810338829
2025-02-09,142.08538564395985,136.44570244447152,131.57392567899274,127.70866620533555,122.85387823287093,116.3347506533191,110.58311771702606,109.15699420825115,112.99883695897883,118.85284413746065,121.65146096038805,118.69043625835967,111.58907520977816,104.23504151227188,98.92536379951657,94.67719404735571,89.39051453398363,83.49934830708789,81.06283955855726,86.7104692824359,101.08344504783796,119.18383658217174,133.49806864755112,139.30155398006363
2025-02-10,137.4999148969448,132.7105247480245,128.73491440854116,125.80349944671202,121.91169754706458,116.37591419534817,111.6190502538475,111.1901354318081,116.02268832847457,122.85211332029138,126.60230178855682,124.56078099584659,118.33905484349293,111.81748874984281,107.28639250013464,103.75684792401708,99.12347718044758,93.81570589856216,91.8888869953134,97.96955007254812,112.6968148627567,131.071540205541,145.57981991203178,151.4976083278646
2025-02-11,149.73192434901705,144.90236532535732,140.81347646194976,137.69943185222655,133.56009734261409,127.7169539593408,122.59853633334247,121.75999101902632,126.14135635142792,132.48487512763688,135.72150867696547,133.14599672320827,126.3771083810482,119.30243764943751,114.21939835423595,110.14596648113907,104.98336672266245,99.16725848168807,96.75878808490549,102.38977296348789,116.70405704432017,134.7066095102992,148.88697886290842,154.52388556065745
2025-02-12,152.52640234233718,147.5154538970132,143.2961816045978,140.102629464572,135.93382128350774,130.10970759041658,125.05663634847286,124.32695188149434,128.85732306323212,135.38611138042117,138.83994665723628,136.50885399788774,130.00657637548375,123.21544525173894,118.427453178292,114.65507526996312,109.79403531882078,104.27457073491324,102.1525620202184,108.05479150337905,122.62036960498763,140.84989985324611,155.22899371327097,161.03291771153738
2025-02-13,159.16782124852446,154.25227614693245,150.08967314053754,146.91293101321176,142.72058816242094,136.83275487680808,131.67658033689713,130.8058388160703,135.15923630907733,141.47774849291773,144.69115821796686,142.09313659712137,135.30151273973914,128.20308522549578,123.09463005431067,118.99365283487722,113.80108190660171,107.95245755741848,105.50898405667758,111.10271028040101,125.377878238423,143.3400117717641,157.4793575343227,163.07546170789894
2025-02-14,161.0383318373334,155.98991572074766,151.73644339451135,148.5130886956818,144.32002083343906,138.4783248434806,133.4154454045603,132.68475884717301,137.22387483396366,143.77197873827743,147.2563829225009,144.96763086798086,138.51979896532336,131.79534870427352,127.08618353335532,123.4044575717186,118.64533219529557,113.23823488667311,111.23798621792076,117.27005981732925,131.97201364511307,150.34266381745658,164.8656120034496,170.81390878708277
2025-02-15,169.0913012468149,164.31379561006096,160.28207994965686,157.2262623507449,153.14199399546428,147.3464550956886,142.26385728869622,141.44506654053134,145.8259473506203,152.14473868211797,155.32862935154841,152.66887644878997,145.78111136301715,138.55018602229117,133.2712136203325,128.96035115114756,123.5175200126318,117.37761945712946,114.60159924345513,119.8216569523064,133.68259899462805,151.19093736248428,164.83833403921614,169.90617642779034
2025-02-16,167.30673308299228,161.6646216900796,156.78913537744694,152.91888393749832,148.0578205625898,141.53113317664506,135.77065511130468,134.33440028163187,138.16482469942957,144.00612576239297,146.79074796605715,143.8144394695356,136.69650482943644,129.3246071711037,123.99577460645705,119.72715863794664,114.41874112216021,108.50454473412785,106.04371334341177,111.6657276720376,126.01179506686769,144.08398508405566,158.36872236402493,164.14141957208443
2025-02-17,162.30769900503253,157.484934042746,153.47465564102848,150.50727949916717,146.57822348362316,141.0038933124936,136.20719013128237,135.73714398320982,140.52727385232356,147.31298455041576,151.01816794549316,148.93035183726917,142.66104071539158,136.09060063731084,131.50934207840842,127.92834760944092,123.2422401813971,117.88044626664873,115.89831967622236,121.92239095717882,136.59178083804326,154.9073492060134,169.35519097014887,175.211261625735
2025-02-18,173.3825812692418,168.48874850190748,164.33430983146857,161.1534407048499,156.9460083732045,151.03349531834357,145.84443767792018,144.9339835640025,149.24217292043483,155.5112502035156,158.6721784535531,156.01969915546135,149.1725832364526,142.01842655863308,136.85464486182357,132.69921609656484,127.45336697081447,121.5527589538794,119.05854048935385,124.6025311759424,138.8285771585857,156.74164988909365,170.83130018779212,176.37625088309665
2025-02-19,174.28557713364046,169.1802060989071,164.86528167937297,161.57485044522957,157.3079388241072,151.38450001590064,146.23088470484714,145.3994399857017,149.8268375531468,156.25144176426465,159.59988536386297,157.16219642619666,150.55212094318176,143.65199344631702,138.75380960533914,134.87004770295061,129.89643474744264,124.26321141565047,122.02626152411764,127.8123707650949,142.2606529736139,160.37171513754635,174.63117223271843,180.31429434429785
2025-02-20,178.32723447992288,173.28856811736773,169.001689694237,165.69952174582838,161.38060646920496,155.3650580002578,150.08002941497176,149.079298929125,153.3015765276351,159.4878419251182,162.56788205659842,159.83537216682274,152.90814554374296,145.6730049928586,140.42673078603565,136.1868328507282,130.85424389154525,124.86450860792466,122.27883572629905,127.72927862642912,141.86008386628956,159.67677988461867,173.6696179726823,179.11814899898673
2025-02-21,176.93238523959226,171.73427926731264,167.33006594038503,163.95492396079624,159.60902744759454,153.61346639056086,148.39569046718108,147.5090810500422,151.89125288800756,158.28139648434177,161.60682937472615,159.15810025707805,152.54929078157704,145.6628677409012,140.79073992854939,136.94506685157808,132.0210153161318,126.44801827726045,124.28090182102837,130.1451451319757,144.67831176795968,162.87922348386115,177.23148762893226,183.00816050825006
2025-02-22,181.11299496203424,176.1620030198461,171.95587859731486,168.7247356621595,164.4642313190827,158.49155174251007,153.23091457051112,152.2331918109647,156.43425404287348,162.57234634814813,165.57466370051975,162.73246938545378,155.66140102624468,148.24631682124055,142.78233627449166,138.28562272631632,132.65610395857544,126.32868564316956,123.36432399741852,128.39522309533538,142.0661958778724,159.38376090272487,172.8395867552111,177.71506747503935
2025-02-23,174.92247828935405,169.08644359064016,164.01626324925093,159.9505538336158,154.8932753466995,148.16962255704564,142.211435674108,140.5767355244757,144.2079850645872,149.8493886696427,152.43339784490882,149.25576779228882,141.93581014263165,134.36119512754215,128.82895799662802,124.35625742144984,118.84308245849056,112.72346301353245,110.05655021646889,115.47183208133782,129.61052327565244,147.4747007049399,161.5507963928134,167.11423041002993
2025-02-24,165.0706324920585,160.03738348498078,155.8160218377551,152.6369707722278,148.49565570394088,142.708489927907,137.69838219280496,137.01437017216708,141.58998050658184,148.1606256904161,151.65020529971537,149.34625486825303,142.8602866443493,136.0726744691732,131.2737366262261,127.47456351883632,122.5697859542349,116.988838284512,114.78708222411092,120.5910562461427,135.0398890279265,153.1344484275679,167.36083734766174,172.9950192980373
2025-02-25,170.94402241148433,165.82745334659646,161.44986668931784,158.0454459844039,153.61406660209377,147.47721916263845,142.06344796130034,140.92790928665892,145.01065127880884,151.05392660801138,153.9887065469662,151.10974083062376,144.03580865391137,136.65451416391068,131.26328140111647,126.88009663506793,121.40619490761384,115.27724603815585,112.55440683580538,117.86950527974297,131.86639591053824,149.55005858975795,163.41005256180725,168.7251090930141
2025-02-26,166.40431179316562,161.06859628637545,156.52311494990863,153.00192284379483,148.5040548971711,142.34947282335403,136.96453583119361,135.90159955151105,140.0973442252884,146.29014276644386,149.40663648667106,146.73686203669254,139.89457399434139,132.76211548556213,127.63149078393126,123.51518678333298,118.30893911174023,112.44299707310392,109.97325311821888,115.52650158048554,129.74186494249238,147.61995884585014,161.64640692536966,167.09648793304723
2025-02-27,164.87636354473437,159.60461791383403,155.0846541567978,151.54940349238237,146.99741680439797,140.7488169189473,135.23076560502523,133.99704977432597,137.9863881095782,143.93976902521985,146.78698815768067,143.82172945421783,136.66183490613506,129.19411602259134,123.7153617796271,119.24309080797927,113.67824451538371,107.45637630333059,104.63870359896251,109.85728848079853,123.75638620394355,141.3415339014678,155.10299155641889,160.32031872589613
2025-02-28,157.90353637117076,152.47460574634155,147.83977038638,144.2342176662789,139.65813037193922,133.43260715601977,127.98510635242197,126.86901798429534,131.02196544520706,137.18314787533586,140.27989144134813,137.60275346402403,130.76582420888712,123.65157907574084,118.55193545674058,114.47906144867991,109.32813243826428,103.52858995165728,101.13526863591268,106.77365622640676,121.08132482099529,139.05710470405674,153.18461174221272,158.73691074709
2025-03-01,156.61776305274725,151.44318917051413,147.01389148495426,143.55999241948865,139.07715752132407,132.882581393293,127.40049008781072,126.18176401266656,130.1622821316398,136.08029789701826,138.86301463617684,135.8017039729834,128.51201185289696,120.87880477963955,115.1972105457687,110.48340076278723,104.63731146607041,98.09385656321444,94.91400048866925,99.7299555144915,113.18654276268752,130.2902889497687,143.53287080174846,148.19569047904258
2025-03-02,145.1910313087597,139.14352576282957,133.86248176990247,129.58652393523965,124.31962027703804,117.38697355695987,111.22043195515191,109.37802424622986,112.8022213117223,118.2372354279321,120.61552597843801,117.23285601855636,109.70854500870713,101.93027098509799,96.1950769769966,91.5201294101874,85.80542506964561,79.48500156387892,76.61801769898757,81.83396913853869,95.77407817261142,113.44042930199623,127.31946211790853,132.68660423109603
2025-03-03,130.44749288861448,125.21951641873538,120.80422072529853,117.43203645469333,113.09839641807156,107.11972127513494,101.91892711107569,101.04505890382642,105.43165056834951,111.81412184222418,115.11637951336836,112.62596629582458,105.95440158599939,98.98206634152078,93.99928592893247,90.01715780232173,84.93031978643819,79.1682132175661,76.7862067601431,82.41084580384367,96.68126590799618,114.59834177789358,128.648183128689,134.10676024757657
2025-03-04,131.88110800935576,126.59083977843177,122.04051681122488,118.46432928603836,113.8621591703866,107.5555036450848,101.97291352795402,100.66955159409837,104.58547243138665,110.46293512012492,113.23291730570513,110.19017505576335,102.95349386014597,95.41048412186895,89.85857609753049,85.31576223362572,79.68328370910336,73.39681644054778,70.51752329329344,75.67723826305166,89.51982186559226,107.05025989657479,120.7581174933411,125.92213177358259
2025-03-05,123.45139215673207,117.96684003402336,113.27363350824301,109.60583332183985,104.96248004381376,98.66354098414666,93.1353809056171,91.93036094882363,95.98516682113691,102.03817685897553,105.01603775223472,102.20879148553836,95.2301979258063,87.96260544374144,82.69802351210605,78.44894417826544,73.11110817944292,67.11476988224564,64.51582675440861,69.94107810005096,84.02965132638468,101.78216695257757,115.68425344506929,121.01119433972809
2025-03-06,118.66915604963052,113.27672741825764,108.63731620330957,104.9838582187639,100.31490889467025,93.95059555582407,88.31808442095846,86.97116680351073,90.84856573913461,96.69127394644302,99.4290913165462,96.35570600291598,89.08896415314886,81.51568138328257,75.93265072648319,71.35739482079761,65.69085903119361,59.368600665805914,56.45184100872369,61.572645944346554,75.3752744830324,92.86526746216492,106.5328885185068,111.65770081113504
2025-03-07,109.14972885239467,103.6309373958473,98.90757342441592,95.21482770892959,90.55288637962933,84.24285138154792,78.71218428857253,77.5142783110748,81.58675997847001,87.66883151364576,90.68782211288755,87.93429207475214,81.02233458880008,73.83442792616664,68.66249229702557,64.5186985631679,59.298224822679806,53.430515259449805,50.97040712514085,56.543390705594064,70.78704059543048,88.70018952174499,102.7664557403635,108.25890639728037
2025-03-08,106.0813051072145,100.84967460775503,96.36471945533361,92.85656419049451,88.32087642325027,82.07485276488545,76.54272122091355,75.2753640978161,79.20866220313641,85.08087077805708,87.81919488338698,84.71490782237004,77.38365716286756,69.71031097793181,63.989998572818884,59.238893017011506,53.35693174746393,46.779030019237446,43.56615355829116,48.35051587219849,61.77693926341575,78.85195157294345,92.06723059578897,96.7041795057034
2025-03-09,93.67508258712772,87.60457321407499,82.30196016058939,78.00586882239547,72.72026795175577,65.77036098860876,59.58799673547505,57.73120453355213,61.14245577474236,66.56596318996779,68.93418656131986,65.54288928675363,58.01139111326049,50.22737030749124,44.48787007361955,39.810056955695345,34.093927801444565,27.77352022593766,24.907992985998746,30.126841639635202,44.07128831477371,61.7434172977469,75.62966790364948,81.00546741516585
2025-03-10,78.776452694266,73.56001162860039,69.1576896249152,65.7999167774316,61.48212528885433,55.52073515484276,50.33866174086924,49.48494924953192,53.89313076490356,60.29862513769037,63.62533821382074,61.16081170963853,54.51656396869539,47.57297483985165,42.62036852638529,38.66984126296461,33.61602960023019,27.888373545188117,25.542240377871366,31.204174048360528,45.51330862169749,63.47051725391412,77.56190805614358,83.06344965690081
2025-03-11,80.88217521750704,75.63769633473784,71.13457244220757,67.60699184187598,63.054834570025754,56.79959582227588,51.26982437710023,50.02068091639976,53.9922178807986,59.92669214928023,62.75507911283598,59.77213253069962,52.596635531299135,45.1161961011251,39.628242029869455,35.150763241795104,29.58499834156349,23.36662061725349,20.55679025507716,25.787338517311866,39.70212313413792,57.30612706356327,71.08891255242118,76.3292137763516
2025-03-12,73.93611716034422,68.53056104955013,63.917700448783435,60.331592950989155,55.771275924295296,49.556713426386835,44.114266916730344,42.996294181528384,47.13947752311596,53.28219182170432,56.3510802611874,53.63618126916254,46.7512511057577,39.57863448465049,34.41033717170096,30.258847457781442,25.019902273987753,19.123752131878263,16.626290593637975,22.15431301070987,36.346942787386524,54.204796391252245,68.21349819138277,73.64832757357995
2025-03-13,71.41544675577225,66.13344033770733,61.60571178565638,58.065192574538365,53.5104337482261,47.26155819798632,41.745727662313286,40.51672892765208,44.51328045623471,50.476370346526316,53.33579382414723,50.38523433046032,43.242533255859016,35.79450141337398,30.33792698800052,25.890327724768724,20.352644050515963,14.160428291046927,11.374896703521216,16.62811010133244,30.56432237983435,48.18906921806403,61.99260905048219,67.25449979118937
2025-03-14,64.88476066429678,59.505351092513536,54.92251268556749,51.37143079794291,46.85228610294226,40.68617504578475,35.30055365976365,34.24880957273869,38.4685636909916,44.6990125733831,47.86747971178689,45.26451965976366,38.50421982218651,31.469052646198918,26.45093247668794,22.462024273260056,17.397500191455507,11.68679843439395,9.384750234093872,15.116839819152815,29.520635688768152,47.594964436826594,61.82343814885651,67.4791177633862
2025-03-15,65.46576065106274,60.39938326838057,56.080683855019856,52.73978059849982,48.37233472010489,42.29553640694131,36.9336072057185,35.83742292862199,39.94285785464069,45.98816066230907,48.90052981566177,45.97123198748363,38.815908081862105,31.31941947521328,25.776888743110632,21.204482192308404,15.502130466191929,9.104741993567188,6.0732756421728595,11.039938031160531,24.649544542590064,41.908616066829794,55.3088234172995,60.131562758255036
2025-03-16,57.28911133196771,51.406095442275884,46.29181676423309,42.184893565248984,37.089287440874315,30.33019464606616,24.339456770974408,22.675095916269626,26.279576206327548,31.89710307777385,34.46012899171657,31.26440999881393,23.929258472892826,16.34234528204115,10.80070620601596,6.321500339984311,0.8047170579653766,0.0,0.0,0.0,11.586696946439034,29.461751958959383,43.551621873726575,49.13172633647009
2025-03-17,47.10769455063262,42.09690672286354,37.900900558471946,34.750098428761646,30.639924792619382,24.88679188241791,19.91360727972085,19.26940738384306,23.887717456206147,30.503948506131664,34.0419985190387,31.789401333220397,25.35766739585958,18.6271686419106,13.888221343499282,10.151913787553184,5.312874560192682,0.0,0.0,3.5485727957150743,18.074610752588313,36.24923543795778,50.55854690691297,56.278505717290614
2025-03-18,54.316136946457554,49.291044093660936,45.00777848201598,41.70052029001856,37.36914141857825,31.33512891588903,26.027023401091213,24.999977385770976,29.194035128777728,35.35144531864883,38.40317514260991,35.64397014881267,28.69260524415364,21.43668018456377,16.173614520343804,11.921389928342933,6.581236756789764,0.5888200305778213,0.0,3.4624746443573997,17.604218415353614,35.43549764360775,49.44586628010909,54.91405019788782
2025-03-19,52.74912751465049,47.57202826316838,43.18789913146239,39.83078939137168,35.49972808628202,29.51467094594979,24.30197109836061,23.41397799589177,27.787365604545755,34.16050046645513,37.460017425267736,34.975946567733715,28.32203581184511,21.380621528588776,16.44370114091261,12.523754597294385,7.516510486496259,1.852210978640187,0.0,5.346888451865823,19.771767512515495,37.861986614340395,52.10316179217837,57.770564103935875
2025-03-20,55.77034744271925,50.721088086057,46.42618118356737,43.11854989692361,38.79673696203531,32.78085696625037,27.498063351342594,26.502134611822285,30.73178092421999,36.92798210809997,40.0205251169388,37.30308512721962,30.393495272147987,23.178558115292162,17.955053600883844,13.740491241306842,8.43580324010314,2.4765337090445882,0.0,5.409926835022517,19.578887822398755,37.436301169036966,51.47241714720217,56.96678552029231
2025-03-21,54.82941737339596,49.68226400263353,45.33155890277553,42.01247932709741,37.72519786020739,31.790802872668294,26.636742335177033,25.81639582990374,30.2673762298937,36.728872075943926,40.12819885807046,37.75590314179051,31.22606436093227,24.421147007142807,19.633057486955778,15.873952837666664,11.038997310478123,5.557621220162844,3.4846479303175784,9.44555381762892,24.07789954838404,42.38050390232921,56.836971169863325,62.720354513900276
2025-03-22,60.93440354921485,56.0951269966446,52.00321538008496,48.888779192632114,44.74747198176601,38.89647628219613,33.76000600995572,32.888929368693994,37.21911305074815,43.48879817094186,46.62517565236381,43.919504650058414,36.98741857411261,29.713771330372893,24.393678048557916,20.04329761339295,14.562553271404127,8.386346079439221,5.575627558858272,10.762597007565432,24.59206251274135,42.070537695357885,55.689686129160535,60.73089676039222
2025-03-23,58.10643964411243,52.44093392376942,47.543674140217824,43.653271456941454,38.773680392345796,32.230090153214476,26.4543353103371,25.004430974241174,28.82283430862276,34.65374381879796,37.42960506522111,34.44616722736052,27.322735839077467,19.94697495887341,14.615913588111638,10.346704075041501,5.039329078121824,0.0,0.0,2.2992669308160316,16.65292824350675,34.73435159702336,49.02996217137486,54.815173125989006
2025-03-24,52.995607211230116,48.188638214901815,44.195797457682964,41.247500960155946,37.33916686624518,31.787201127482888,27.014505080280912,26.57010891366741,31.387531715443657,38.20217835626845,41.93794071981797,39.88234657862891,33.64690035099234,27.11196797976669,22.567859782040387,19.025658127271527,14.379985721443632,9.060268748484319,7.121860688170045,13.191291712493893,27.90768213173844,46.27189137149096,60.77001383658153,66.67800447437085
2025-03-25,64.9028827906918,60.064246753005335,55.96664219225007,52.84424383478209,48.69691816951304,42.846146872958826,37.720465233267575,36.8750204716993,41.24985159790944,47.587202091905915,50.818033974573346,48.237087668707645,41.463132997028694,34.38376467469543,29.29639725213481,25.219007449057372,20.05282069881423,14.233497154502714,11.822183901902264,17.450699138807423,31.762887569278504,49.76371915893735,63.94274320194582,69.57868096049721
2025-03-26,67.58060598202086,62.56944377480204,58.35033654661081,55.15732913291198,50.989446185326976,45.16663908633179,40.11525666196627,39.38764410683356,43.92047117462003,50.4521002404337,53.90916202612732,51.58168254219139,45.08340567592399,38.2966638138366,33.51345043956209,29.74624160886171,24.890762063818684,19.37725017423962,17.261587408378603,23.17055707189823,37.743270570758185,55.98033242710785,70.36735510878728,76.1796061537043
2025-03-27,74.32323598220134,69.41681744590409,65.26374231640386,62.09693042460324,57.91492122254361,52.03782606239361,46.89279519820849,46.03360398408844,50.39895950473386,56.7298385355275,59.956025034071516,57.37119122910869,50.5931673543951,43.508753122679266,38.4147256753282,34.32859177081207,29.151280907232348,23.318334539749287,20.89095811296255,26.50120168683675,40.793308462529865,58.77280348443027,72.92993461252728,78.54424924698911
2025-03-28,76.52575615894801,71.49640437921659,67.26242518724047,64.05899366977488,59.88628029428195,54.06537136351126,49.02371283028862,48.314682307664334,52.875890749027526,59.44652482648178,62.95389820882987,60.688555691307954,54.26457498714581,47.56441891558064,42.879992262514165,39.22345049315045,34.4899563362853,29.108938634327075,27.135219328165604,33.19427342152686,47.92366025751685,66.32219734229403,80.8734877430926,86.85058344864329
2025-03-29,85.15723294990514,80.40944389353696,76.40790577898858,73.38272812469236,69.3295635531652,63.56559372439718,58.51503172876074,57.728744994391334,62.142599487779606,68.49483564767613,71.7126437703611,69.08728243436704,62.23438452247001,55.03880346290643,49.79565395728653,45.521094511964534,40.115048044430054,34.01241533205386,31.274147665417928,36.532444162568254,50.432112778875016,67.97966705303168,81.66677052622198,86.77481216064217
2025-03-30,84.21606207693719,78.61513953300346,73.78133923334966,69.95327255356348,65.13489427384266,58.6513939104206,52.93460639368224,51.54254724155138,55.417674073909716,61.30418590099553,64.13452883607869,61.204452660651356,54.133263558374466,46.80862628586053,41.527570590693784,37.30724961559372,32.04764686129707,26.182786651555816,23.771814507826804,29.444212809305995,43.84119056163998,61.964818986722406,76.30152439296434,82.12672111472145
2025-03-31,80.34603312503975,75.57683548120295,71.62066082041424,68.7079265263767,64.8340521530149,59.31544510878092,54.57500823282542,54.161773263696006,59.00926088486007,65.85287760841366,69.61651700673913,67.58770858493854,61.377958541101364,54.86763464306904,50.34704907742713,46.82728613012817,42.202970467636845,36.90353027975361,34.98432109697643,41.07187518657069,55.80531499889631,74.1855021439126,88.69853325516866,94.62036555289721
2025-04-01,92.85802085967865,88.03109950380254,83.9441497200832,80.83134868297869,76.69256537228934,70.84928399881588,65.73004242783188,64.88999050081352,69.26916988991442,75.60982678039032,78.84292594058107,76.26321058281555,69.48945336142634,62.40925186463609,57.320023558299724,53.239748117391095,48.06965397347539,42.2454043179351,39.828149315911574,45.44971028500243,59.75393508968326,77.7457968961834,91.91484823927362,97.53981366177157
2025-04-02,95.52977003116327,90.5056462156118,86.27258782134126,83.06464312202712,78.88084024588599,73.04113409072139,67.97187703626548,67.22541786925228,71.73842997310423,78.24927939067175,81.68460054904438,79.33442320121377,72.8124950143258,66.00115219115008,61.19239206895929,57.39869459276458,52.51578843066709,46.97391591436904,44.82896250971389,50.70771555534178,65.24929052570583,83.45429604633759,97.80834872333145,103.5867202673772
2025-04-03,101.69556530625985,96.75346093276734,92.56380319337686,89.35951622800332,85.13914383069645,79.22280172883185,74.03764458455876,73.13745219274061,77.46093611127382,83.74907762041948,86.93166521520034,84.30237569298198,77.4790438875689,70.34847414287646,65.20744826227326,61.0734776968671,55.84749666754963,49.96505138266365,47.48735206951372,53.04645360039713,67.28660401791555,85.21333323734635,99.31689401761139,104.8768386869781
2025-04-04,102.80318097245282,97.71787488883146,93.4271567271126,90.16620661292802,85.93520007990563,80.0552285235602,74.95374301614926,74.18412631646032,78.68399454968124,85.19253958501909,88.63708031444406,86.30816678124658,79.81988197088432,73.05469400074469,68.30451297820629,64.58149971453719,59.78082230725136,54.33191499246206,52.28960512693393,58.279373152710704,72.93878387606011,91.26666028550393,105.74661095422307,111.65169339881935
2025-04-05,109.88566165895602,105.06452895138716,100.98899036641328,97.88916103365801,93.76069920741762,87.92079219898653,82.79365876990536,81.93017203878452,86.26620368168903,92.53999986526316,95.67875663278252,92.97373832733739,86.04058361439182,78.76415172224773,73.43956316983204,69.08298229782858,63.59433787448164,57.408536544456524,54.58653548149898,59.76053970250628,73.57536307614981,91.03752507327847,104.638695176287,109.66026830715471
2025-04-06,107.01452055936278,101.32607717665071,96.40423886459381,92.48762301178355,87.58019042475317,81.00713665852516,75.20030269507217,73.71771011523415,77.50182261379985,83.2968452874201,86.03523034662553,83.01273368103443,75.84866759265503,68.43070296711124,63.05587569007104,58.7413450523107,53.38710071170861,47.42717315815083,44.92071408734518,50.49721206151796,64.79788227710272,82.82480215410263,97.06440420667009,102.79210898183607
2025-04-07,100.91354667201817,96.04609855998163,91.99130351487368,88.9795851577405,85.0063692853615,79.38806955431335,74.5475950561018,74.03398378689263,78.78076269141897,85.52334454710224,89.18562919501122,87.05515241229193,80.74342667218818,74.13082601928878,69.507668920698,65.88504594381453,61.15758803892562,55.75472967963189,53.73183268291429,59.71543560245798,74.34466717551132,92.62039529881498,107.0287228927338,112.84561346375851
2025-04-08,110.97809511997767,106.04577447361548,101.85320604255978,98.63457328211014,94.38975145099835,88.44023103638614,83.21455617772091,82.26788298700251,86.54025940386911,92.77393787752571,95.899889436188,93.21286354793105,86.33163911804722,79.14381998137993,73.94682984460138,69.7586546184323,64.48052896436064,58.54812229794759,56.02259100085044,61.535762602359696,75.73149117048042,93.61475606684816,107.67511601819909,113.19130174548128
2025-04-09,111.07239629006075,105.93933468486281,101.59726869083964,98.28025272901898,93.98732106444994,88.03843472283559,82.85995220109645,82.00422839339139,86.40794277995192,92.80946748957153,96.13544302389269,93.6759051995781,87.04460773529004,80.12389287344061,75.2057639785939,71.30270701071751,66.3104566396932,60.65926118583448,58.40501209055886,64.17450265401925,78.60685429817951,96.70268158169505,110.94760702980524,116.61690825671421
2025-04-10,114.61674577904537,109.56570256297492,105.26718051288735,101.9541096095804,97.62503947316624,91.60009164005658,86.30642656442724,85.29782981574284,89.51301871027746,95.6929802683383,98.7675087069123,96.03028652789237,89.09915425070994,81.86092188671662,76.61237688639977,72.37103633092958,67.03784005043273,61.04833984271485,58.46375150530146,63.91613545993254,78.04974527829899,95.87011638384995,109.86750702320964,115.32147499043433
2025-04-11,113.14203945726459,107.95115986134758,103.55507789459381,100.18897906094935,95.8530442501847,89.86837019143135,84.66241326696228,83.78856152278871,88.18443634772915,94.58923485099945,97.93028114024317,95.49813045086994,88.90687093555002,82.03897585439859,77.18636043257459,73.36119057404562,68.45863944377493,62.908146319384656,60.76454357379414,66.65331663907116,81.21203528495981,99.43952743713037,113.81940657871793,119.62473511172246
2025-04-12,117.75927193044467,112.83903508146615,108.66472445634666,105.46645995868663,101.23990458843623,95.30225037446414,90.07772076739158,89.11719354661679,93.35654501970922,99.53402595605584,102.57683697245227,99.77624695595732,92.74789908664374,85.37665707716769,79.95764590148008,75.5070343242646,69.92475550793179,63.645720460608366,60.7308906887244,65.81247551066065,79.53529306583152,96.90586706412643,110.41587119570913,115.34670455858168
2025-04-13,112.610647390379,106.83232904710692,101.82105431383016,97.8154446272255,92.81946480798858,86.15831439400813,80.2638383162779,78.69406207197963,82.39145323906956,88.1002207636064,90.75282067234973,87.64501263729699,80.39611270908054,72.89379548764634,67.43510053940915,63.03719080085967,57.60005954159543,51.557740828579306,48.96938989973533,54.46449882450564,68.68428627174399,86.6308330985122,100.79057522075468,106.43893655194137
2025-04-14,104.48155061526175,99.53580198870864,95.40323280037262,92.31426989481089,88.26434225587775,82.56986669112943,77.65375540655322,77.06504947677563,81.73727888751682,88.40585942215499,91.99469388887682,89.79132099632177,83.40725611187312,76.72287613698226,72.02850235892646,68.33522812711182,63.53768713688703,58.0653165694906,55.97348091154538,61.88872134821345,76.4501692126588,94.6586949563835,109.00040401823554,114.75126238522726
2025-04-15,112.81830060729293,107.82112770043543,103.56430054792119,100.28200493196107,95.97411839977391,89.96213368831935,84.67459714821177,83.66666706396725,87.87839350897175,94.05203102689472,97.11855270223619,94.3727100196289,87.43328386242167,80.18788000406626,74.93392405078521,70.68940377362057,65.35555565499709,59.36805089235321,56.78804760960365,62.24737503896461,76.38988891174925,94.22057021377115,108.22897925576864,113.69384830379882
2025-04-16,111.52426190452587,106.34115655559543,101.94968544460784,98.58390437829485,94.24284896861454,88.24648154646857,83.02116187675686,82.11924608022866,86.47741482425843,92.83404138462777,96.11576737062805,93.61262966619739,86.93838301769136,79.97537065513372,75.01559689083214,71.07154859257884,66.03896129815149,60.34808415589851,58.054809395267746,63.78593106450934,78.18057129369093,96.23934531008365,110.447876266885,116.08144236717291
2025-04-17,114.04620467606384,108.96074666856897,104.62847071799929,101.28230723420609,96.92080622673866,90.86408958172746,85.53931806219612,84.50027750867625,88.68568546743079,94.83652914922817,97.88260292299074,95.117589401104,88.15932917525839,80.89463228941872,75.62028618674739,71.35380790196302,65.99613717932868,59.982825691619226,57.37508907142131,62.804987537093176,76.91677441729952,94.7159848533712,108.6928767707997,114.12700760359006
2025-04-18,111.92839612451637,106.71900133295284,102.30506444437903,98.92177044709277,94.56929967664972,88.56874826925957,83.34757197619322,82.45915817338567,86.84112754147934,93.23267644330855,96.56112820178774,94.11703722950956,87.51449081813101,80.63596132925201,75.77336305117669,71.93886091282745,67.02762706759705,61.469099743251505,59.31811022512142,65.20014282077416,79.75276613800739,97.97480690308969,112.34987736288149,118.15103864618058
2025-04-19,116.28204833717896,111.3589231355245,107.18236154876865,103.98248206088431,99.754946215029,93.81694454704464,88.59269897882918,87.63308572424224,91.87397948978304,98.05362940796708,101.09923442289333,98.30206171340953,91.27775271575926,83.91116936394799,78.49743481736208,74.05271599157845,68.47694416485406,62.20502842653833,59.29792832916412,64.38785120338754,78.11961316608654,95.4997358705049,109.01989091611574,113.96147527637368
2025-04-20,111.23676703072508,105.47039334289352,100.47165677294896,96.47917649852107,91.4969150485955,84.85006963612429,78.97048283475229,77.41617775064593,81.12961953946231,86.85501469211266,89.52481674760557,86.43478285886002,79.20422652529692,71.72081976393504,66.28159952679718,61.90372610479524,56.48719009069578,50.46602284338619,47.89937686257824,53.4167414483815,67.6593324699657,85.62922795438513,99.81286095801836,105.48565250415926
2025-04-21,103.5532331966497,98.63298466447735,94.52644605743957,91.46404121252247,87.44119607716651,81.77432439414702,76.886335275435,76.32626667381089,81.02764542481731,87.72588413386647,91.34488240301555,89.17217570806886,82.81927615482917,76.16655735766547,71.50433728873081,67.84370595632925,63.07929368706843,57.640534268250526,55.582788766218904,61.532594919686176,76.12908058981219,94.37311273051607,108.75079325835257,114.53808461225998
2025-04-22,112.64201376988828,107.68218615015351,103.46315501492741,100.21910250059881,95.94990248493326,89.97704401193289,84.729069715241,83.76113413952517,88.01328359523984,94.22776884039793,97.33555915083757,94.63140218090669,87.73407496109095,80.53117939019903,75.32013717814378,71.11893217842842,65.82879693463613,59.88539868414356,57.349891570787484,62.854100825701195,77.04187815800711,94.91820051525278,108.97262414467255,114.48387723263184
2025-04-23,112.36104022622068,107.2250455045705,102.88104211780818,99.56308171669669,95.27019573881896,89.32234232320366,84.14587702427394,83.29315173539987,87.70084287918861,94.10731946926225,97.43921883627787,94.98657356888467,88.36313410202784,81.45123933786233,76.54288924573453,72.65056633414471,67.67000176683176,62.03144030293691,59.79076976799408,65.5747797916624,80.02258807127734,98.13480538734854,112.39705043255587,118.08459693607385
2025-04-24,116.10360147576762,111.07264302670839,106.79511944894764,103.50395662734597,99.19770003382459,93.19646700509574,87.92741374306371,86.94432151594458,91.1859032862171,97.39314167021024,100.4958264317452,97.78763556771544,90.8864050449061,83.6789402702139,78.46202404371266,74.25316874513037,68.95330945598798,62.99799317600492,60.448430858525725,65.93667803262218,80.10698333048033,97.9648771889733,112.00061282185838,117.49374294429072
2025-04-25,115.35428160312294,110.20418306557454,105.84968380792436,102.52596407394486,98.23319944837769,92.29248131118185,87.13126065208274,86.30292008065041,90.74507550607746,97.19691851551495,100.58576765191653,98.20217254392226,91.66021569581096,84.84236467792104,80.04052898485295,76.26686874824205,71.4165513220541,65.9190101324836,63.82907166013469,69.7722154075837,84.38600517505411,102.66926287964492,117.10559596139193,122.9680607360302
2025-04-26,121.16040997818034,116.29865557678112,112.18349122840056,109.0450306068648,104.87893044562817,99.00237647153783,93.83958579892607,92.94142983538258,97.2437784829304,103.4848760712158,106.59191674431781,103.85616288294142,96.89325112838458,89.58803862249061,84.23564373580545,79.85222859871988,74.33771970791268,68.1270213755435,65.28108838106695,70.43212328672108,84.22493744572961,101.66604775315209,115.24712105512398,120.24954957800462
2025-04-27,117.5856066596484,111.8799147285567,106.94177161612076,103.00979177728703,98.08793302642258,91.501387868239,85.68199417589696,84.18777036278611,87.96117689986384,93.74641560112246,96.47593533792636,93.44548860356389,86.27438424729964,78.8502896453708,73.4702371172349,69.15138233306169,63.793711273425494,57.83125069581953,55.32314850894258,60.89888943265691,75.19968476675885,93.22760798069268,107.46908758396123,113.19954006552425
2025-04-28,111.32459150635201,106.46161902509667,102.41215727356492,99.40662560349948,95.44044549022512,89.8300262173321,84.99827245131213,84.49421771308486,89.25138442035448,96.00518077451606,99.67950198861178,97.5618791635919,91.26382004554127,84.66569390412971,80.05781438234456,76.45126717427772,71.74067830910892,66.35547729229091,64.35102092416935,70.35384269494486,85.00306623302002,103.29955427708067,117.7294045448406,123.56857529628648
2025-04-29,121.7240893443263,116.81554796284826,112.64750028688225,109.45412434378896,105.23528992096385,99.31248199064417,94.11423913414076,93.19571186239205,97.49694247163877,103.76017772555997,106.9163829252432,104.2603017703592,97.41070735687158,90.25519766983462,85.09119052553659,80.93666590508464,75.69285250064686,69.79541371957562,67.30549989665948,72.85493247634652,87.08755940252185,105.00835387952459,119.10686843379452,124.66182755328119
2025-04-30,122.58230800980141,117.48923852905948,113.18776453178448,109.91193406223864,105.66077497429042,99.7542418478504,94.61868670183875,93.806457917513,98.2542284299926,104.70036378971528,108.07149788865837,105.65765990147115,99.07259687394247,92.19864434455525,87.32779894352282,83.47253986611543,78.52859498831735,72.92620580742864,70.72125691265157,76.54053472388496,91.0231537548525,109.16972162858949,123.46585390719277,129.18682121596038
2025-05-01,127.23877705594481,122.24029735203074,117.99477694189825,114.73513871506013,110.45992517570664,104.48925072041511,99.25026863931525,98.29675731615568,102.5674268571339,108.80325705191326,111.93403486409713,109.25343552027459,102.37929224514015,95.19840773287574,90.00756209913128,85.82426506921963,80.54944909817209,74.61865859033279,72.09310193215163,77.60483211512644,91.79809526595137,109.67841934246256,123.73605511209803,129.25055287274262
2025-05-02,127.13192428474454,122.00212125908907,117.66737794637618,114.36287229514903,110.08877762597844,104.16618308568484,99.022537461351,98.2112211914231,102.66984804505526,109.13760750084768,112.54181602415618,110.17302119826046,103.64530351327036,96.84112855718925,92.05240387410115,88.29128767722432,83.45294543395923,77.96680871592127,75.88770218181874,81.84110354426471,96.46457484506715,114.7569362788435,129.20179359096832,135.07220143783627
2025-05-03,133.27191096746841,128.41693247378677,124.30795809276222,121.17509996940638,117.01401334204981,111.1418824747713,105.9829230531752,105.08800508886416,109.3929971212861,115.63614215097333,118.74463302588464,116.00973086477602,109.04707108011507,101.74150961858953,96.388163689213,92.00319429477238,86.48652683794121,80.27306457043684,77.42376124578307,82.57081843366048,96.359046528848,113.79496150179823,127.37022930855986,132.36624131885125
2025-05-04,129.69527004849215,123.98193713793431,119.03553966471604,115.0946913638452,110.16334936437728,103.56670552041456,97.73659708689058,96.23104189580563,99.99249986959714,105.76517230801277,108.48150760376072,105.43725780429557,98.25173134850101,90.81259523627979,85.41688144525443,81.08174533822881,75.70717262317278,69.72718981809554,67.20094462877307,72.75792160498068,87.03933191150846,105.04724891708541,119.2681010649826,124.9773048124691
2025-05-05,123.08048624315076,118.19502251298283,114.12244834498932,111.09318319704573,107.10264868475305,101.46725426633556,96.6099048173096,96.07963410219348,100.8099648161248,107.53630547258085,111.18255163080411,109.03623477220474,102.70886305766126,96.08080620541101,91.44237834184321,87.80466567771504,83.06229479351937,77.64469577985668,75.60722605642006,81.57641976620748,96.19140122482638,114.45303389068312,128.84741623918376,134.65050731579848
2025-05-06,132.76933075644473,127.8234886914041,123.6175311436524,120.3856370647955,116.12767719813877,110.16513750576163,104.9265575921024,103.96708902465625,108.2267751892922,114.44786397253972,117.56132183146393,114.86189365468715,107.96835376014252,100.7683013875315,95.5591556410373,91.35889782179018,86.06875797501962,80.12440089362744,77.58697833049192,83.08831318020992,97.2722548695575,115.1437781176742,129.19243699806736,134.69695757784166
2025-05-07,132.5664182397304,127.42174935258507,123.06809801157752,119.7395139669544,115.43502681092505,109.47459289249731,104.28456603138797,103.41729644027501,107.80945891790313,114.19942090832242,117.51381822877408,115.04268200969487,108.39976128326221,101.46739360509478,96.53757765291452,92.62279469993695,87.61877473023799,81.95576137943253,79.68964140495898,85.44720342477036,99.86756418029093,117.9513335523395,132.18412938951812,137.84122463376755
2025-05-08,135.8287751314286,130.76535918212116,126.45437402704208,123.12874498801192,118.78701703035745,112.74930704016728,107.44277082556725,106.4211893165869,110.62327519391006,116.79001084914137,119.85118587653287,117.10047816041593,110.1557236102444,102.90372763369237,97.64127308608141,93.38587245983437,88.0384610037512,82.03458594310905,79.43545851160117,84.87313457452304,98.99186315843599,116.79717514758593,130.77932426066323,136.21786377543117
2025-05-09,134.0228083539641,128.81611293686473,124.40401472907858,121.0216947584699,116.66932945005311,110.66801107975975,105.44519158843616,104.55425459273285,108.93281706438205,115.32007170817779,118.64333824030274,116.193167517926,109.58364332901547,102.6972345825513,97.8258521668283,93.98165766234146,89.05981992643405,83.48977394349572,81.32634780727307,87.19502268770495,101.73336410582425,119.94019575780929,134.29912691147123,140.08321576801674
2025-05-10,138.19621704089167,133.25414461086598,129.05769422156365,125.83698164646225,121.58766577215378,115.62693453225616,110.37900730181852,109.39475780102647,113.61005829856299,119.7631555429214,122.78124614973301,119.95559502438473,112.90184138471945,105.50484500188344,100.05972692721173,95.5826520244029,89.97354957504713,83.66732672776774,80.72494114992644,85.7785983433429,99.47311265155167,116.81500401080736,130.29594235977976,135.19732306737117
2025-05-11,132.43142266504037,126.62286682442246,121.58095667091104,117.54431000248267,112.51688802673775,105.82388669148587,99.89714736071335,98.2946919897909,101.95898463890215,107.63423076131323,110.25288291533586,107.11069732919483,99.82698663616758,92.28942204272985,86.7950397482107,82.36099934875773,76.8872907988856,70.80794487563159,68.18211355575173,73.63928567263841,87.8206766861917,105.72836427173432,119.84878119067682,125.45734822958445
2025-05-12,123.45969581231802,118.47320544535816,114.29941621324906,111.16875194521494,107.07663863821398,101.33949014151423,96.380215731591,95.74785358249423,100.37593080835748,106.99986035035302,110.54354220394293,108.29451229508285,101.86428323711857,95.13322920906766,90.39166880501257,86.65069271115782,81.80493199051038,76.2838212233926,74.14272232456563,80.00817394031876,94.51930489452764,112.67698315995757,126.9673117321521,132.6662541821906
2025-05-13,130.6808386767611,125.63067188183668,121.32030836094431,117.9839316102179,113.62141692255233,107.55425481224023,102.21098944129403,101.14677693725746,105.3016652495727,111.41790683140842,114.42647270874221,111.62211234248132,104.62360462453512,97.31855337075739,92.00438226324228,87.69907718269178,82.30387275521055,76.254438355268,73.61193031879144,79.00817612350617,93.08702977977966,110.85347059031389,124.79705721245813,130.1965202962178
2025-05-14,127.9609428069528,122.71125969517647,118.25262263664811,114.81908596052887,110.4096838366543,104.3443771900177,99.04952441362028,98.07748029150261,102.36492419115014,108.65022812231541,111.86003246560314,109.28437291046922,102.5370030452867,95.50026497818763,90.46616193415039,86.44717973142703,81.33905289318145,75.572029589561,73.2020011080429,78.85576059101939,93.17242929901867,111.15262162604427,125.28195992857346,130.83572164954705
2025-05-15,128.7200671303736,123.55357915898057,119.13965945804381,115.71123782348192,111.26686368767878,105.1266583963584,99.71778220894,98.59402049911284,102.69409038285053,108.75897867865163,111.7184793983839,108.86627483589739,101.82020530032489,94.46708058979766,89.10368794062389,84.74754421538235,79.29958902452047,73.1953739431142,70.49611454511593,75.833871024725,89.85289672650774,107.55872684141985,121.44161938346483,126.78113191409035
2025-05-16,124.48728336690105,119.18203294236208,114.67162209211953,111.19123607898916,106.74105554961734,100.64217698865309,95.3220565324324,94.33408197977032,98.61587447063354,104.90663086425225,108.13367501717627,105.58756191259067,98.88237944998248,91.90060063483165,86.93414043756313,82.99516450486284,77.97884574537036,72.31462317908793,70.05732891956673,75.83244814034177,90.27755035008435,108.39146321596418,122.65779996024445,128.34962272171592
2025-05-17,126.37069013461436,121.33701998297636,117.04931189604791,113.73768551581792,109.3978035791464,103.3468578519906,98.0090715234127,96.93532210951284,101.06148565574767,107.12581266889381,110.0555035037744,107.14182678568142,100.00042543314146,92.51616289802526,86.98416389323566,82.42059692330213,76.7253948910033,70.3334685456853,67.305779135019,72.27453572003684,85.8845561830385,103.14236397767867,116.53963253889201,121.357760710473
2025-05-18,118.50902847696511,112.6180649417503,107.49417463920109,103.37597875502586,98.26744186169991,91.4937632496241,85.48678760258323,83.80454017316931,87.38948829558782,92.98584067406105,95.52605309455228,92.30588498944871,84.94465217257974,77.33002900696916,71.75905482500741,67.24889233147533,61.699534564504916,55.54501536192216,52.84448973555931,58.22744952879555,72.33511318884342,90.16956135021701,104.21722971001905,109.75354196527181
2025-05-19,107.68413142427706,102.62638245265993,98.38183696819341,95.18092160732165,91.01906514841113,85.21268419567964,80.18469075436073,79.48412570080323,84.04451882489853,90.6012857164887,94.07832899335725,91.76318717635323,85.26737544686053,78.47127052451383,73.66519351669434,69.86023759538284,64.95103628168354,59.36702658644408,57.16357282690454,62.967216023892675,77.41708734653727,95.51405708913666,109.74423053374325,115.38357351413735
2025-05-20,113.339116429965,108.23046815069496,103.86218541604188,100.46845386834771,96.0491509181049,89.92576916796753,84.52685483925556,83.40756608946685,87.50795286869621,93.57026960088415,96.52548925391227,93.66836320017542,86.6176722138367,79.26102196285832,73.89583795158383,69.54010785292772,64.09506805494458,57.99638966418801,55.3052307180985,60.653420365629806,74.68481425777898,92.40439330775081,106.30171775222848,111.65551979041666
2025-05-21,109.3748839058099,104.08074653639764,99.578260814442,96.1014824946032,91.64944714134381,85.54211704332508,80.20585192496819,79.19300787234175,83.44026552246837,89.68599812358302,92.85684726347486,90.2428498071657,83.45776048723373,76.38392252479973,71.31334022548984,67.2585004571679,62.11513876108836,56.31350429253011,53.90948929395726,59.52988783012917,73.81382205215925,91.7619072126325,105.85976649488646,111.38267813670736
2025-05-22,109.2368032425102,104.04072533075907,99.59784682325397,96.14109818246551,91.66902947541465,85.50176265021157,80.06645853698238,78.9169030473168,82.99181380315764,89.03217809698035,91.96779038216631,89.09233336198166,82.02364772254955,74.64854360714419,69.26380856439299,64.88695973735803,59.41893698456309,53.29529209735679,50.57724083184604,55.896843534863514,69.89835366950223,87.58730651236307,101.45396013485005,106.7778721176959
2025-05-23,104.46906138558064,99.14948709652505,94.62539062743791,91.13195713480481,86.66936712614337,80.55871691492976,75.22746243449492,74.22899124800479,78.50092422786588,84.78245793382285,88.0009158907074,85.446852717951,78.73435591920048,71.74589807255535,66.77339368840856,62.82900792196622,57.80791315843908,52.13954786263607,49.87874356072432,55.65098480761733,70.09384046140264,88.20613750680154,102.47148845226127,108.16295469114787
2025-05-24,106.18429408076696,101.15152359645315,96.86534202798799,93.55586814536146,89.21876378340785,83.17121977404437,77.83745834142937,76.76835600492464,80.89978778317213,86.9700031246568,89.90620129455728,86.99964979838722,79.86599040356066,72.39008538025749,66.86705822890454,62.313076211237075,56.62807095651242,50.24695190980966,47.23067898488307,52.21145987799293,65.83411107659501,83.10515460927016,96.51626245619653,101.34883197605697
2025-05-25,98.51514163862898,92.63981900275918,87.53216702860436,83.43080529774471,78.33969674939999,71.58403901135496,65.59567507509104,63.932628471969764,67.53736478581384,73.15409094148436,75.7152609162572,72.51663230607426,65.17751905787806,57.58559364122298,52.03789346520426,47.551579283477835,42.02664215462293,35.897113908536745,33.222147521657874,38.63123277369742,52.76558602033122,70.62728577685758,84.70276559357349,90.26744699459589
2025-05-26,88.22696108548638,83.19869000374791,78.98417341155525,75.81383566262954,71.68310322592255,65.90839036989229,60.91260673681921,60.244790814151095,64.83846997648376,71.4290573722409,74.94045315155402,72.66019334217498,66.19979060640864,59.43961911921529,54.66999741781973,50.9020160790399,46.03030600336435,40.48430155584817,38.31936438369746,44.16203281247659,58.65143529164878,76.78843937119277,91.0591475651834,96.73952291454283
2025-05-27,94.73659300286994,89.66996385921207,85.34418935950768,81.99345225892775,77.61762705664017,71.53820342227768,66.18372461992294,65.10934582753478,69.25511399302094,75.36328051522146,78.36481531500239,75.55446669536141,68.55101233918812,61.24205480111708,55.92501645090585,51.6178818049199,46.221884073639266,40.172691164834376,37.531457896278965,42.930010176165844,57.01220039447387,74.78300618270632,88.7319844756988,94.1378641507832
2025-05-28,91.90972634953445,86.66850414863751,82.21934729889578,78.79630815485929,74.39841886129679,68.34563826829233,63.06432264286683,62.10682459538781,66.4098212679512,72.71168239727754,75.93904603959501,73.38194551175602,66.65413198093324,59.63794508283321,54.62538552432217,50.62893655445762,45.544330079930845,39.80181160466666,37.45726970330843,43.137494755777354,57.481605214734714,75.49021261495672,89.64893640852206,95.23305108608078
2025-05-29,93.14871398949177,88.01450485984205,83.63382232614539,80.23959304407208,75.83036325896407,69.72625108313093,64.35441349683265,63.26863254813433,67.40762198150257,73.51236519875988,76.51265274936407,73.70216341958678,66.69873396594971,59.389170589215,54.07025688368419,49.75950602526364,44.35785389381585,38.30084829026622,35.64970096873897,41.036468262543856,55.10539961045435,72.86202625396223,86.79660221827997,92.18868102785903
2025-05-30,89.94827754118123,84.69734683887513,80.2421262119513,76.81779672100998,72.42453476846006,66.38343255239575,61.121941883694824,60.193446193192194,64.53556221286979,70.88748235338855,74.17652598312384,71.69324355663802,65.05171840554061,58.13441892827431,53.23325544850552,49.36038892781007,44.410987551008596,38.81448557616566,36.6257103163689,42.470142107393436,56.98534558226021,75.1701434955344,89.50814411934421,95.27240460639574
2025-05-31,93.3666785679824,88.40697872889817,84.1939996238533,80.95785576347909,76.69420471947215,70.72023305680459,65.46015872810112,64.46485397969147,68.67018955294915,74.81441061565283,77.82471215187122,74.99235738067647,67.93298378271967,60.53144933924966,55.08287325868105,50.603418511229634,44.99301243189792,38.686560170994426,35.745017346503516,40.8005873582686,54.49808239682942,71.84402019408554,85.33006843302478,90.23762017585652
2025-06-01,87.47894959623255,81.67867995763474,76.64610992575717,72.61985478890102,67.60387319446835,60.923358479970844,55.01014934851008,53.42226504517236,57.10216686986369,62.79405746568999,65.43038653157453,62.306907387430606,55.04292970783903,47.52612169316223,42.05351648721478,37.642270581321846,32.19237077719943,26.137844651490354,23.537840931541083,29.02184515348432,43.23106943383403,61.16758805410202,75.31783033613462,80.95721358154765
2025-06-02,78.99136467891843,74.03766155506082,69.89763966698067,66.80171917116263,62.74532234494632,57.04485927231532,52.123235418784105,51.52948510157689,56.19713153315761,62.86158370760816,66.44673762861605,64.24012518580892,57.85325491166999,51.16649686048228,46.470165456883855,42.77534717482204,37.976668820982226,32.50356067632562,30.411380313167157,36.32666199274791,50.88853011004535,69.09784817080077,83.44071465556723,89.1930885825021
2025-06-03,87.26199352357104,82.2670315068197,78.01275241929112,74.73333503840902,70.42864989739341,64.42018271194394,59.13647280501551,58.13267142434039,62.348821601808105,68.5271708323446,71.59868514589915,68.85810896780458,61.92421611662168,54.684605296583996,49.4366950402694,45.19846604129762,39.871147701442204,33.89040413433591,31.31738637760914,36.78391657480848,50.93384336581932,68.77214064716914,82.78836163415743,88.26123150010804
2025-06-04,86.09982769845013,80.92507963315893,76.54213339897933,73.1850377103289,68.85282108831537,62.86543877594158,57.64924345050931,56.75658414884075,61.12413445716539,67.49026057364162,70.78159703343835,68.28817365032853,61.62373810506203,54.670626567222406,49.72083629371562,45.78684710351379,40.764387490202154,35.083699565178534,32.80066852839079,38.54208140435075,52.94705330975576,71.01619246238288,85.23511501777004,90.87909218881939
2025-06-05,88.8542780602537,83.77924913587933,79.45740082772315,76.12165659467158,71.77055950604495,65.7242245190991,60.409805479336484,59.3810813215381,63.57676269796404,69.73782993970373,72.79407054647314,70.0391602772106,63.09093288239313,55.83619157880112,50.57171699878586,46.31501937874547,40.96703168130692,34.96329881231588,32.36502965426925,37.80427769104393,51.92528953418839,69.7335936245209,83.7194412048483,89.16238304361639
2025-06-06,86.97243126626917,81.7715382439556,77.36593858195303,73.99081067874096,69.64632829894266,63.65358102717416,58.440018084564066,57.55902033688835,61.94820197587911,68.34675289610516,71.68198997457188,69.2444611998936,62.64824746233286,55.775814744144014,50.91907097802592,47.09017476016505,42.184291935151606,36.63085444631459,34.48468731818412,40.37126862332764,54.92816075750515,73.15418426394064,87.53294523007112,93.33749864936294
2025-06-07,91.4715960006199,86.55124790248658,82.37714681004367,79.17940518070196,74.95367855973089,69.01715151283443,63.79404001956329,62.8352143806583,67.07654341875232,73.25627041023385,76.30158847453237,73.50375899401405,66.47841764021783,59.110420610900164,53.694885361218034,49.24797313410033,43.66960956576782,37.39469813405972,34.48419281468724,39.570295391349255,53.29781646722293,70.67327221465058,84.18832878534356,89.124377738546
2025-06-08,86.39369177293435,80.62089270590597,75.6152777846821,71.61546090833772,66.62539936311552,59.970285154059795,54.08195568053543,52.51842891261441,56.22216490372483,61.93736507948748,64.59647795013954,61.49525567575877,54.25300680015598,46.75739842167118,41.30546261160006,36.91435481722877,31.484060825735682,25.44860722852711,22.867141796138696,28.369149138049693,42.59584047292131,60.549289212651026,74.7159238428913,80.37116085250801
2025-06-09,78.42062635058159,73.48169751306035,69.35590907500466,66.2736805010124,62.23043340562813,56.54257723958093,51.633016864703954,51.050786024271495,55.72940738589198,62.40428942866235,65.99932767078525,63.80205354590986,57.42397516035632,50.745462171366604,46.056828636891886,42.36916069286932,37.57708483825432,32.110031075659904,30.023356728749604,35.94359583945892,50.509872613337,68.72305039609284,83.06922753789635,88.82436295619941
2025-06-10,86.89548015160355,81.9021811107767,77.64901570835936,74.3701627388409,70.06549278286889,64.05649163223147,58.771698715697966,57.76626541637463,61.98023493085812,68.15585494776131,71.22409172088594,68.47968992823974,61.541423670445354,54.296891963424706,49.04351367941207,44.79926988284561,39.46539037405533,33.47753969499076,30.896869340484557,36.35520194038606,50.49638664975002,68.32539790967022,82.33178950831487,87.79428722140187
2025-06-11,85.62196913316691,80.43576530734988,76.04082252717507,72.67119022410976,68.32589766514067,62.3249008674905,57.09455331130336,56.18720486474214,60.53952997378714,66.88989572435727,70.164937568218,67.65468626343178,60.9728904635005,54.00188733864466,49.03367517473013,45.08073484654505,40.038795932968846,34.33810165744152,32.03453835985076,37.75489423244041,52.13828558672757,70.1853218635689,84.38162046745404,90.00245389076872
2025-06-12,87.95397752085091,82.85476919388925,78.5082256806326,75.14727182568015,70.77045211100994,64.69788293317768,59.356719603805104,58.3007425503635,62.468663944410736,68.60146566227361,71.62893677599388,68.84475464230869,61.8667546361226,54.58174162438499,49.28649791557216,44.99853544806377,39.618788911969624,33.582804966572674,30.951794272981644,36.35781211915343,50.4451069458277,68.2192090485087,82.17037154921717,87.57814712099899
2025-06-13,85.3525498185211,80.11553396677202,75.6733361494849,72.26113676822303,67.87911161424326,61.84835232403337,56.59631019430023,55.67636818993408,60.026142626026626,66.38482554406188,69.67973599154581,67.20142415103132,60.56397312987914,53.64985115110674,48.750968410450334,44.879485790539405,39.93057144509475,34.333659649287696,32.14357778151526,37.98580629114325,52.497909972713614,70.67871179009269,85.01182027347738,90.77029288088028
2025-06-14,88.85788357735805,83.89060548898428,79.66915359999268,76.42364291786576,72.1497315590487,66.16460668117077,60.89248687702134,59.88424508033211,64.07575276734363,70.2052558895063,73.19995025950365,70.35109997421553,63.27434343903883,55.85453960563833,50.38680870190688,45.88731476364172,40.25598623778927,33.92772943374374,30.963501175985527,35.99550611609932,49.66855774534067,66.98917513927127,80.44902737321789,85.32950894755348
2025-06-15,82.54289552000935,76.7138118841711,71.65155828168956,67.59475162288277,62.5473522224939,55.83455513095164,49.888200810158246,48.26631030887506,51.91134677580761,57.56751474832376,60.16726586429817,57.006355427428055,49.70409514076838,42.14815527777395,36.63557109974881,32.18350125946047,26.69193476454538,20.594901441819147,17.951552311370747,23.391375247327943,37.55558474595277,55.44625751464457,69.54982534270829,75.14170804033735
2025-06-16,73.12753505074164,68.12468689621977,63.93470167295727,60.78800221838327,56.6800135333836,50.92714846651968,45.95231529125248,45.30455117379384,49.91738221686052,56.5262203465864,60.054964539413135,57.79114969923762,51.34628741342949,44.60075083141789,39.84485751405197,36.089697111147224,31.22989964558481,25.6948986541113,23.54005500500817,29.39190629426487,43.889580291225634,62.03394391467725,76.31109909763438,81.99700834877213
2025-06-17,79.99869876918126,74.9357759545608,70.61279339706394,67.26393351660658,62.889070527644215,56.80969386406168,51.45434660252333,50.37818378382324,54.52125226805342,60.62580341451978,63.62280715506886,60.80701185157676,53.79719529547265,46.480960199547845,41.155729138851754,36.839486886582556,31.433466957738176,25.3733376124391,22.72025407186618,28.106042695101223,42.17455637172417,59.930773281762825,73.8642509571753,79.2537189209972
2025-06-18,77.00825900910394,71.7488050405453,67.28050755737519,63.83741975298336,59.41857465962631,53.34393206293456,48.039849213524676,47.058679753021266,51.3371019029972,57.61348652714909,60.81447285647568,58.230095430580825,51.474106685502264,44.428847575377894,39.386320170973455,35.35900913301122,30.242647826716066,24.4674832621658,22.089405566602423,27.73520671921709,42.04400681833369,60.01641909024085,74.1380647282347,79.68422000683012
2025-06-19,77.56104409827742,72.38711862193992,67.96584412892186,64.53014924440532,60.07858222788742,53.93126325172743,48.51535140100737,47.38463087443394,51.47781761181985,57.53589725504639,60.488662638630004,57.62979487846434,50.577133105208276,43.21748593767129,37.847639432753056,33.48510927254241,28.03083388702956,21.92036367077546,19.21491301553077,24.54654093465666,38.559499589643075,56.25932299117954,70.13626797105931,75.4698909064493
2025-06-20,73.17020955011316,67.8591819193945,63.34304828364861,59.85699272338897,55.40119470299783,49.29674952450032,43.97111214341532,42.97766917560109,47.254040580458785,53.53942203557256,56.761136216814606,54.20973692709591,47.49931088593006,40.51232991973258,35.540707819661264,31.596609054141737,26.57520535421348,20.90593456303253,18.643627617650523,24.41376851627058,38.85392559277444,56.9629253401718,71.2243798078099,76.91134996251782
2025-06-21,74.9275932676193,69.88912633688656,65.59664763093926,62.28027562309892,57.93567188405527,51.88002701436072,46.53756303804702,45.45915630851201,49.58068170936056,55.64038858740595,58.56547613838249,55.64721182997172,48.50123742446108,41.01241521929302,35.4758687742377,30.90776544345799,25.20803697929857,18.8115929829318,15.7793935568087,20.74364661659773,34.34916890346771,51.602482728900284,64.9952603887942,69.80889959200758
2025-06-22,66.95567918670582,61.06022714411254,55.93184686787895,51.80915841504758,46.69612523175845,39.91794548414426,33.906462734238886,32.21970111493789,35.80012684319342,41.39194750789572,43.9276177828947,40.702895990596836,33.337096836576976,25.71789357972787,20.142324449878814,15.627551051169732,10.073565325277357,3.9144000157994014,1.2092090418399692,6.587483158869006,20.69043972644097,38.520158297710005,52.56307348879041,58.09460791916844
2025-06-23,56.02039382235295,50.95781449260765,46.70841077921445,43.502608253954605,39.33583463263593,33.524505460161556,28.491531686734035,27.78595313579912,32.34129854832398,38.89298246791107,42.36490646974523,40.04460803585797,33.543601311962675,26.742261985500804,21.930910135053026,18.12063790767732,13.206077802869828,7.616665813479543,5.4077652428636185,11.20591610120779,25.65024855084401,43.74163188275601,57.96617038025619,63.599828881502894
2025-06-24,61.54963679517512,56.43520200305965,52.061080261571256,48.66145623308357,44.23620635250394,38.10682225206596,32.701849184576545,31.57644434478101,35.67065672395594,41.72673979129258,44.675665564228595,41.81218446840604,34.75507633681474,27.39194589891902,22.02021772602997,17.657878562862635,12.206163873196104,6.100743842798138,3.402775594605373,8.744087366727683,22.768533903826352,40.481095217351125,54.3713306470998,59.71797150019283
2025-06-25,57.43010137279312,52.12865581987736,47.618787096000986,44.13455008248469,39.67497947548045,33.56003670012657,28.21608062272999,27.195466475450203,31.43487404637746,37.67267574110472,40.83551230790073,38.21341977896362,31.420152058030624,24.33805154267104,19.259121721385753,15.195848648318517,10.043967056911981,4.233725300907423,1.8210148244427415,7.432628900773807,21.70768889568737,39.64680927776592,53.735612457498846,59.24937590121267
2025-06-26,57.094259947680285,51.88884735690452,47.436539795735634,43.970266979089345,39.48857823104975,33.311594761689676,27.866476670267545,26.707009142281933,30.771909079062127,36.80216305842944,39.72756482485689,36.841796378425066,29.762697708024177,22.377078265086638,16.98172491276064,12.59415411376473,7.115305052703121,0.9807288528615175,0.0,3.5601000089568373,17.55035986707621,35.22795481758251,49.083142290614894,54.39547923570458
2025-06-27,52.07498395188134,46.74361497621547,42.207613072339086,38.702162788421475,34.22744403054753,28.10455251620482,22.760943590330072,21.75000423208907,26.009354737827607,32.27819109597572,35.483836267974915,32.91684431461824,26.191302188252124,19.189681922039085,14.203897486453329,10.246113505298979,5.211501837345111,0.0,0.0,3.0133054711539273,17.442164330210346,35.540343357543044,49.79145457487588,55.468558894670096
2025-06-28,53.47541370048959,48.428035500264585,44.12712262295989,40.80279338419297,36.45070917122767,30.388060375799924,25.039068786556072,23.95461049644247,28.070560102641622,34.12516664010958,37.0456289666352,34.1232141870357,26.97356367480343,19.48153931311849,13.942264222353074,9.37190529099226,3.6703937817516703,0.0,0.0,0.0,12.809108384882265,30.06299370149631,43.45681193613371,48.27196013103848
2025-06-29,45.42071644323313,39.527708127849884,34.40223784764762,30.282924893787623,25.17373192221656,18.399856284364503,12.393140702550383,10.71160844585738,14.297724842975967,19.89569657027907,22.437977364387976,19.220324587070536,11.86205195864082,4.250831728871248,0.0,0.0,0.0,0.0,0.0,0.0,0.0,17.133265756679748,31.188223153715228,36.732244896848336
2025-06-30,34.67096195204479,29.62175632259857,25.386167544077324,22.194619851727083,18.042539601916275,12.246340958164495,7.228933465854681,6.5393555220526025,11.111134418458093,17.679683227526965,21.16890203108342,18.866326795875906,12.383470130569279,5.600706163319572,0.8083533925740909,0.0,0.0,0.0,0.0,0.0,4.650493195706801,22.763795595982415,37.0106634709846,42.667059888533295
2025-07-01,40.640012466355294,35.5491272752194,31.198958239622087,27.823688170555045,23.42319163120824,17.31895836227214,11.939531705283542,10.840066924226178,14.96061105989179,21.043415611855593,24.019450608575198,21.183464467704283,14.154234995343955,6.819364875018039,1.4762766138533578,0.0,0.0,0.0,0.0,0.0,2.4042858085753522,20.14808484773829,34.0699204259754,39.44852162423692
2025-07-02,37.19296979519961,31.924198233515583,27.447356915850435,23.996498429562024,19.570655159684605,13.489786203925448,8.18024808472012,7.194393674453721,11.468900384947105,17.742138229969996,20.940745550138672,18.354755954377637,11.597920907984403,4.552580354307665,0.0,0.0,0.0,0.0,0.0,0.0,2.1884922303359815,20.16690075710497,34.29529662317206,39.84895469839706
2025-07-03,37.734032710923394,32.56911079585658,28.15758798316618,24.732391337505845,20.292067519888874,14.156735064624726,8.75355138295862,7.636298960010066,11.743691984847018,17.816714310601,20.785156946096663,17.942699143468886,10.907178132807914,3.565400595282739,0.0,0.0,0.0,0.0,0.0,0.0,0.0,16.776189251956026,30.677470420781376,36.0361370281608
2025-07-04,33.762204491385425,28.477628456892603,23.9886467887156,20.530441126794543,16.10318846045496,10.027981582478901,4.732272903688539,3.769446463118598,8.077119608088012,14.394485370290155,17.6488637478092,15.13080583017738,8.45439559199896,1.5021020815918433,0.0,0.0,0.0,0.0,0.0,0.0,0.105076011496962,18.254032529806622,32.55608896750544,38.28430319502745
2025-07-05,36.34242954861542,31.346481484644883,27.097154276090208,23.824563178332824,19.524366514739597,13.513751609011365,8.216937178539197,7.184796241474729,11.353200317173034,17.460395359406206,20.43357714257978,17.56400968498555,10.467331271573784,3.028400694576405,0.0,0.0,0.0,0.0,0.0,0.0,0.0,14.038614567678053,27.486482402029907,32.35577089394607
2025-07-06,29.558755099115913,23.720059170425316,18.64898266802625,14.584141782629274,9.52949606907977,2.8102397789317166,0.0,0.0,0.0,4.52521640038151,7.122430539334957,3.9597646276285587,0.0,0.0,0.0,0.0,0.0,0.0,0.0,0.0,0.0,2.4248400829310697,16.535169894796184,22.134580720476606
2025-07-07,20.128700480073462,15.134908135294097,10.954740185880937,7.818617835116825,3.7219644140692623,0.0,0.0,0.0,0.0,3.636158977400413,7.180750309018066,4.933528072215381,0.0,0.0,0.0,0.0,0.0,0.0,0.0,0.0,0.0,9.382801475920772,23.684612696489083,29.395897712883183
2025-07-08,27.423681262420985,22.387566544249935,18.09210462121507,14.771475451793876,10.425550756447961,4.375817442987497,0.0,0.0,2.1805105013226296,8.317499331536865,11.347632708846561,8.565656281522493,1.5903450960679635,0.0,0.0,0.0,0.0,0.0,0.0,0.0,0.0,8.064895929908687,22.039586383697042,27.4709214712109
2025-07-09,25.26797993170679,20.051692461843416,15.6272064532332,12.22857192157197,7.8548186942648215,1.8259033255564816,0.0,0.0,0.0,6.284654764458338,9.53449573600028,6.999588375313465,0.29368170587792974,0.0,0.0,0.0,0.0,0.0,0.0,0.0,0.0,9.313698091816761,23.491352877214396,29.094090190462694
2025-07-10,27.02806551045913,21.911856739540397,17.54886069225539,14.172002235034,9.779825847306569,3.692447900910821,0.0,0.0,1.4220894500440977,7.542273319599687,10.557674027431446,7.7619687704714835,0.772992741580353,0.0,0.0,0.0,0.0,0.0,0.0,0.0,0.0,7.0512414810573745,20.996884095858363,26.39968342919117
2025-07-11,24.16965309225199,18.92874694523752,14.483201086115727,11.068195408722033,6.683905176950802,0.6514214786948571,0.0,0.0,0.0,5.186392055342736,8.482272484524032,6.005467568643155,0.0,0.0,0.0,0.0,0.0,0.0,0.0,0.0,0.0,9.527194184371709,23.867665914525375,29.634029103040213
2025-07-12,27.73003678879357,22.771701153388648,18.559716216930227,15.324196005182415,11.06079763400993,5.086707242456825,0.0,0.0,3.0340753193777203,9.176688372961266,12.185008809061998,9.350299599031814,2.288198004211594,0.0,0.0,0.0,0.0,0.0,0.0,0.0,0.0,6.157851015993231,19.637430224562067,24.538138950268305
2025-07-13,21.77225150844643,15.964391335200716,10.923857298285256,6.88926492015149,1.8645731114804818,0.0,0.0,0.0,0.0,0.0,0.0,0.0,0.0,0.0,0.0,0.0,0.0,0.0,0.0,0.0,0.0,0.0,9.358450904848212,14.982128096911438
2025-07-14,13.000211851597044,8.030081000442976,3.8732719372644766,0.7602057847253434,0.0,0.0,0.0,0.0,0.0,0.0,0.2752547847862985,0.0,0.0,0.0,0.0,0.0,0.0,0.0,0.0,0.0,0.0,2.687697325481466,17.00683123505121,22.73513983343642
2025-07-15,20.779648296318427,15.759960285981606,11.48062735293405,8.175829967829287,3.84544038785522,0.0,0.0,0.0,0.0,1.8106350039314094,4.854536123788463,2.0860352110609313,0.0,0.0,0.0,0.0,0.0,0.0,0.0,0.0,0.0,1.7041304166261568,15.68913548062261,21.13050331995146
2025-07-16,18.937313692949672,13.730498339521844,9.315205716727448,5.925486931032083,1.56037292297664,0.0,0.0,0.0,0.0,0.029297785513051622,3.2861434991892082,0.7579727975300443,0.0,0.0,0.0,0.0,0.0,0.0,0.0,0.0,0.0,3.125001398276595,17.306534597075327,22.912899308204715
2025-07-17,20.850252576952215,15.737173894128304,11.377061684277791,8.00284244544521,3.6130623102808386,0.0,0.0,0.0,0.0,1.3839059093411237,4.400280981812514,1.6053192891660473,0.0,0.0,0.0,0.0,0.0,0.0,0.0,0.0,0.0,0.889744448224917,14.833716512269888,20.234637685205982
2025-07-18,18.002523639147668,12.759330313872596,8.311295906715927,4.893602429243089,0.5064272820549149,0.0,0.0,0.0,0.0,0.0,2.283467662845581,0.0,0.0,0.0,0.0,0.0,0.0,0.0,0.0,0.0,0.0,3.272672846683335,17.607097576310977,23.367260636373274
2025-07-19,21.456917549600917,16.49208299690835,12.27345351391888,9.031145657018897,4.760819088172312,0.0,0.0,0.0,0.0,2.8400507221382014,5.840653955307573,2.998105229869111,0.0,0.0,0.0,0.0,0.0,0.0,0.0,0.0,0.0,0.0,13.191700037365038,18.083313106712197
2025-07-20,15.308243358873867,9.491117060855657,4.441235923940226,0.3972183247777821,0.0,0.0,0.0,0.0,0.0,0.0,0.0,0.0,0.0,0.0,0.0,0.0,0.0,0.0,0.0,0.0,0.0,0.0,2.676357072953536,8.28966225656869
2025-07-21,6.297358171896292,1.3168267126593634,0.0,0.0,0.0,0.0,0.0,0.0,0.0,0.0,0.0,0.0,0.0,0.0,0.0,0.0,0.0,0.0,0.0,0.0,0.0,0.0,10.077706541450212,15.796120965649877
2025-07-22,13.830794522678275,8.80133405684461,4.512294303249533,1.1978589190720896,0.0,0.0,0.0,0.0,0.0,0.0,0.0,0.0,0.0,0.0,0.0,0.0,0.0,0.0,0.0,0.0,0.0,0.0,8.545366727222486,13.979143909663094
2025-07-23,11.77849953085503,6.564368515456579,2.14190250260701,0.0,0.0,0.0,0.0,0.0,0.0,0.0,0.0,0.0,0.0,0.0,0.0,0.0,0.0,0.0,0.0,0.0,0.0,0.0,10.024510253192389,15.627417730603966
2025-07-24,13.561524992304427,8.44541459655494,4.082488027647656,0.7056748353847695,0.0,0.0,0.0,0.0,0.0,0.0,0.0,0.0,0.0,0.0,0.0,0.0,0.0,0.0,0.0,0.0,0.0,0.0,7.533137119060399,12.93649975134916
2025-07-25,10.707109527031605,5.466925217669711,1.0221878391873105,0.0,0.0,0.0,0.0,0.0,0.0,0.0,0.0,0.0,0.0,0.0,0.0,0.0,0.0,0.0,0.0,0.0,0.0,0.0,10.448636669686863,16.21877232390517
2025-07-26,14.318748349992447,9.364581911649822,5.156972009816016,1.926037648988256,0.0,0.0,0.0,0.0,0.0,0.0,0.0,0.0,0.0,0.0,0.0,0.0,0.0,0.0,0.0,0.0,0.0,0.0,6.373057633772049,11.283608777631898
2025-07-27,8.527878178070338,2.7304941309307367,0.0,0.0,0.0,0.0,0.0,0.0,0.0,0.0,0.0,0.0,0.0,0.0,0.0,0.0,0.0,0.0,0.0,0.0,0.0,0.0,0.0,2.0691862396707137
2025-07-28,0.10640548093610391,0.0,0.0,0.0,0.0,0.0,0.0,0.0,0.0,0.0,0.0,0.0,0.0,0.0,0.0,0.0,0.0,0.0,0.0,0.0,0.0,0.0,4.651250972518881,10.409751560235094
2025-07-29,8.4849835436938,3.49655462969271,0.0,0.0,0.0,0.0,0.0,0.0,0.0,0.0,0.0,0.0,0.0,0.0,0.0,0.0,0.0,0.0,0.0,0.0,0.0,0.0,4.212776357748126,9.698156007577225
2025-07-30,7.549599362976494,2.388041532278976,0.0,0.0,0.0,0.0,0.0,0.0,0.0,0.0,0.0,0.0,0.0,0.0,0.0,0.0,0.0,0.0,0.0,0.0,0.0,0.0,7.064374150578658,12.7305218376205
2025-07-31,10.728350847997248,5.676443210315853,1.3781998495373955,0.0,0.0,0.0,0.0,0.0,0.0,0.0,0.0,0.0,0.0,0.0,0.0,0.0,0.0,0.0,0.0,0.0,0.0,0.0,6.2222775066991005,11.700229847111814
2025-08-01,9.545889797379488,4.381214871686524,0.012444798378837163,0.0,0.0,0.0,0.0,0.0,0.0,0.0,0.0,0.0,0.0,0.0,0.0,0.0,0.0,0.0,0.0,0.0,0.0,0.0,11.052153076191544,16.907521568830916
2025-08-02,15.093152419292238,10.22506081586539,6.10394375350441,2.9599182031049622,0.0,0.0,0.0,0.0,0.0,0.0,0.4789844144090978,0.0,0.0,0.0,0.0,0.0,0.0,0.0,0.0,0.0,0.0,0.0,9.134322033294382,14.13962962670125
2025-08-03,11.479022075976133,5.7771250160359955,0.8432394777063053,0.0,0.0,0.0,0.0,0.0,0.0,0.0,0.0,0.0,0.0,0.0,0.0,0.0,0.0,0.0,0.0,0.0,0.0,0.0,1.5577286431362012,7.302879399726052
2025-08-04,5.443159919537322,0.5959502902306468,0.0,0.0,0.0,0.0,0.0,0.0,0.0,0.0,0.0,0.0,0.0,0.0,0.0,0.0,0.0,0.0,0.0,0.0,0.0,0.0,12.323167113392799,18.19056605883121
2025-08-05,16.374906297263635,11.495791695392569,7.357773961754361,4.195033679262039,0.007443171322719877,0.0,0.0,0.0,0.0,0.0,1.8889125821321926,0.0,0.0,0.0,0.0,0.0,0.0,0.0,0.0,0.0,0.0,0.4070776909079399,14.548195473375088,20.146410367424807
2025-08-06,18.110801256101496,13.062298953622388,8.80605094484406,5.576107315087526,1.3714979349230845,0.0,0.0,0.0,0.0,0.6538471945993081,4.075549195589645,1.7129554088268861,0.0,0.0,0.0,0.0,0.0,0.0,0.0,0.0,0.0,5.775042727699585,20.12997276217108,25.910434212505834
2025-08-07,24.022582078440763,19.084993756144343,14.90106552661328,11.703721694578945,7.4915061514666235,1.584534652438549,0.0,0.0,0.0,6.160428583855094,9.358453531060874,6.745813830778431,0.0,0.0,0.0,0.0,0.0,0.0,0.0,0.0,0.0,7.889821657557434,22.023324395386524,27.614413524872994
2025-08-08,25.57310149873635,20.521340989279793,16.265366877193898,13.040357809642586,8.846487774417568,3.0048465537850717,0.0,0.0,1.755749465405188,8.307382702835184,11.796196393219077,9.512738563028108,3.071090113612641,0.0,0.0,0.0,0.0,0.0,0.0,0.0,0.0,14.990348467715577,29.52861283043,35.49316232521705
2025-08-09,33.78774811482908,29.028380475403495,25.01575149035982,21.979973219186377,17.916700780636702,12.143118285371088,7.083441232081682,6.288539410748498,10.694281105635156,17.03890902794626,20.24961570203783,17.617661888855878,10.758682608635695,3.5575333819539736,0.0,0.0,0.0,0.0,0.0,0.0,0.0,16.472562886989934,30.158803620484022,35.26651412410749
2025-08-10,32.707966106642566,27.107780366087816,22.27525310346614,18.448997141896427,13.632968663686711,7.1523585408435935,1.4390030129906535,0.05091885926178463,3.9305649157936102,9.822141361073719,12.658095431002977,9.734177981410653,2.669696224471437,0.0,0.0,0.0,0.0,0.0,0.0,0.0,0.0,10.586452047302544,24.93539720997839,30.77339051578324
2025-08-11,29.006056401624214,24.2507703413213,20.309065341463892,17.411359108259518,13.553071470756791,8.050610065728833,3.326877912970957,2.9309068857066904,7.796217753571909,14.65821706972632,18.440798398422288,16.43149119135687,10.241801545132574,3.7520970795458197,0.0,0.0,0.0,0.0,0.0,0.0,4.849744188608028,23.255012104596247,37.79367958533592,43.741703237819124
2025-08-12,42.00610422197138,37.20648215892378,33.14738453004468,30.06298770949401,25.953159831074437,20.13938421357848,15.050197784306661,14.240749400577883,18.651079704740837,25.023433806794756,28.288775353523107,25.741846391108844,19.00141836157792,11.955087596035895,6.900270257273419,2.854944672653005,0.0,0.0,0.0,0.0,9.551913936664619,27.581928113205606,41.78966002660938,47.453832512473646
2025-08-13,45.48352069085937,40.49965163629691,36.3073691180608,33.14071952983761,28.998729075079723,23.2013506840363,18.17493472584232,17.47182793289015,22.028701591907137,28.58391960525843,32.06411421745318,29.7593129566066,23.283261222097366,16.518292906842163,11.756402996052529,8.010069041125334,3.1750172743696936,0.0,0.0,1.5134278512051793,16.104795528215504,34.36007183122703,48.76487068377352,54.594461073563636
2025-08-14,52.754994865032124,47.86504634756569,43.72800872432984,40.57680325117662,36.40997080002745,30.54762413632774,25.4169149198502,24.571619905579922,28.950447572157373,35.29437608271281,38.53319077576624,35.96056525417615,29.194331120412194,22.12128944745922,17.0382187314913,12.96262707984161,7.795445330982858,1.9722162740784057,0.0,5.173287935847526,19.47388455060657,37.46146287639155,51.62627207371748,57.24786083582674
2025-08-15,55.236239219781055,50.21335753568174,45.985448334372194,42.78768796736609,38.620248159715956,32.804216464757424,27.767040078244037,27.062097849480622,31.62700196054444,38.20094030484388,41.71122776541934,39.44841034475114,33.02656695509234,26.32816160832057,21.645100275490407,17.98953959856931,13.25664347651528,7.875841915024878,5.901958009483167,11.960467911516062,26.688932104728934,45.08616922859753,59.63578347530144,65.6108279517252
2025-08-16,63.91505225852898,59.16446514562327,55.15975720737992,52.13103905075027,48.0739643785794,42.30571592259354,37.25050783951235,36.459208614830835,40.86768526504543,47.214179271322635,50.42588196532398,47.79405295285631,40.93432613689439,33.73155595809968,28.480858122966225,24.198392135015993,18.78408190163516,12.672829182852453,9.925586243802726,15.17455316991844,29.064538875435403,46.60205785398343,60.278774588703335,65.37607898045054
2025-08-17,62.806242080159564,57.19388406728405,52.34830056252431,48.50810384840909,43.67724960541957,37.18092824330654,31.45097557734079,30.04540800386639,33.906684014087126,39.779003480987974,42.5948133753065,39.649864326711324,32.56346336103588,25.22327606996297,19.926333027482514,15.689788197409044,10.413625893691162,4.53187124544273,2.103670573888195,7.75850704986992,22.137590463872954,40.242992815752245,54.56114118450379,60.36745066902043
2025-08-18,58.56754599945121,53.77880298336205,49.8027550013774,46.86982017392416,42.9754187848353,37.43595896579541,32.67434427208712,32.23960715282493,37.065268993991644,43.88673700536321,47.62790544870939,45.57630451331226,39.343441074193294,32.80968356990198,28.26534485260205,24.72150986539407,20.072803927098207,14.748655873337484,12.80442187371051,18.86663482928563,33.57441781892621,51.92863307119723,66.41537783775155,72.31060994742111
2025-08-19,70.52135182567315,65.66720439924455,61.552716494325324,58.4120658721173,54.24512209285511,48.373369942348766,43.225347855419734,42.35620623726934,46.70598731860217,53.016937837584926,56.22002311032553,53.60998689174726,46.8056023734359,39.694467675950015,34.57400079175528,30.46218191800729,25.260240003197147,19.403838751042187,16.954128833358936,22.54293207092104,36.81409682444346,54.772596755210266,68.90798488647714,74.49898624302081
2025-08-20,72.45467817330017,67.39599002006133,63.128067860399796,59.884960434421394,55.665696332789146,49.790230911096444,44.68491700408629,43.90210384748846,48.37846527196513,54.85236776200722,58.250446183414184,55.86273072430696,49.30296948290575,42.45349909003479,37.606317306656436,33.773904498910234,28.85198975223765,23.270815812597803,21.08626855689876,26.925135731694915,41.426533216152755,59.591070037620455,73.90436320118086,79.64168481386108
2025-08-21,77.70918989702228,72.72545593415296,68.493879360429,65.24738470055999,60.984516132638475,55.02538976519113,49.7971606384933,48.85360892413927,53.13344655440257,59.3776551826465,62.516023673968874,59.84222919441393,52.97410694447369,45.798461633448824,40.61207542786922,36.43246014189104,31.160550356384228,25.231892638541602,22.707697574497885,28.220020392695957,42.4131094928428,60.292495142884064,74.34843045586054,79.8604681144653
2025-08-22,77.73862219633595,72.60484706824424,68.26537937200342,64.95539958350886,60.67508358620361,54.74552312534028,49.59416962251891,48.77440618565047,53.22384928880605,59.68169115047889,63.075251011487246,60.69507926480023,54.155259245459554,47.338259420909424,42.53599024916237,38.76061289157402,33.907295798125645,28.405473557249984,26.309973877957255,32.24627755728356,46.85194975505654,65.12581381752324,79.55147867450525,85.40200220088246
2025-08-23,83.5811387959274,78.70490203741787,74.57398737822632,71.41851031302991,67.23412946149548,61.33803250224235,56.15443856737524,55.23422114653973,59.51325228951288,65.72977853851903,68.8109963145521,66.04817034124875,59.05693966665286,51.7221639042674,46.33896396065011,41.9235045667076,36.37571488391984,30.130501952854253,27.24882334619157,32.36288448270455,46.11749963606446,63.51918868490259,77.05962152344554,82.02019348832651
2025-08-24,79.3131810916362,73.56320999881228,68.5795813410996,64.60091293578174,59.63116602241361,52.99553659385758,47.12586607162679,45.58017648212767,49.30093196924231,55.03233808330664,57.70684749209397,54.62021654725871,47.39175801802146,39.90914326006128,34.4694086354052,30.089713915789225,24.670049244596427,18.644445600950462,16.072055177385565,21.58236703536207,35.816596878569115,53.77682263625866,67.94947733934985,73.60998205667734
2025-08-25,71.66396750787317,66.72881550875641,62.60606546665762,59.52614154688325,55.48447009628891,49.79746532768142,44.88803689413683,44.30522336037577,48.98255224479487,55.65543690619977,59.247777771525804,57.04711121187847,50.66495029944165,43.98166968566794,39.28758845078817,35.59379778125814,30.79492925364105,25.320417975640616,23.225626403578758,29.13709373868683,43.693949373612774,61.89706186401186,76.23253480195959,81.97633236889544
2025-08-26,80.03548335591567,75.02959506646326,70.76322271681255,67.47055046872818,63.15145429481251,57.1274254031419,51.82700866310689,50.80536092391253,55.00253087046821,61.16077170495861,64.21105521709397,61.448131644576236,54.490780670722934,47.2266069162135,41.95303488245563,37.68805128292228,32.33289159056521,26.323226040886034,23.720211844645718,29.155677368100434,43.27347752435542,61.078592532921434,75.06058198139418,80.4981774645434
2025-08-27,78.3004629059335,73.08837422872604,68.66706409454888,65.270587833044,60.897980628080276,54.86920443280711,49.61061868112941,48.6745792140076,52.99776646803838,59.318553536539625,62.563581897515824,60.02288835137617,53.31022761165464,46.307942925311,41.30803866999635,37.323001830121946,32.24856810916255,26.514986871346807,24.1781506115575,29.8648536936997,44.21421861351692,62.22686101361718,76.38840451298886,81.97412783070736
2025-08-28,79.89019259798663,74.75518290600004,70.37250179431865,66.97508038956009,62.56146946800203,56.45179173280761,51.073208814742166,49.979507471891495,54.10940621802903,60.20389328325278,63.19276410415826,60.3697024126825,53.352549969388114,46.028118037246735,40.693195330664054,36.36530020333058,30.945373770293216,24.86896912450883,22.197303370367138,27.562438246201218,41.60862865358306,59.341411353689054,73.25104594334795,78.61709158011095
2025-08-29,76.34956880679285,71.0704384456707,66.58594358258854,63.131271128679145,58.706603390680435,52.63303852614067,47.33803435751628,46.374980381813884,50.68149945017685,56.99679014529754,60.24817806022716,57.726219926486166,51.04500540472309,44.08700927415351,39.14414829068372,35.2285898992412,30.23550881885116,24.594345892254395,22.359935067407775,28.157763364917848,42.625402152209254,60.761680967583004,75.05021491564425,80.7640680303524
2025-08-30,78.80700085234498,73.7950330838405,69.5288662844757,66.23862203768192,61.91996503394405,55.89008900394897,50.57321911338566,49.52023486572248,53.667014306288124,59.75180995213259,62.70182417992106,59.808327648050195,52.68696531924549,45.22260270058575,39.71036657114933,35.16642751294985,29.49072051671243,23.118158430551006,20.109704612150026,25.09757024276405,38.72657533557992,56.00324548587356,69.41925628060079,74.2560087259237
2025-08-31,71.42578497916656,65.55321632681722,60.447609496589806,56.34758787724117,51.25711825484719,44.501402143304276,38.51228645950811,36.847798699281206,40.450408449841646,46.06432667778607,48.62201144129369,45.41922445479707,38.075283822412544,30.47786620853966,24.924013255023127,20.43088998577973,14.898491767030777,8.760854773749685,6.077136363867822,11.476830736016055,25.601158701101205,43.4522032660447,57.516402509491314,63.0691825178471
2025-09-01,61.016178997869844,55.97477872147411,51.74652602159444,48.561849957502666,44.41618173870616,38.625940408734145,33.61404042003912,32.92952510363806,37.50592671225059,44.07866330623739,47.5716399810893,45.27239774328508,38.79245426678807,32.012188771701396,27.22192487223429,23.432758255104048,18.539324962754762,12.971064534251155,10.783343821950268,16.60270638865026,31.06828595203629,49.180955361034805,63.42682245952303,69.08185564875669
2025-09-02,67.05308790253075,61.96013067015248,57.607543277743666,54.22951395963197,49.82592272404055,43.71826477734121,38.33508895004484,37.23155601427236,41.347718540390915,47.4258335776744,50.39687672470862,47.55560198958707,40.52079278713517,33.180057431017154,27.830824075979997,23.491083049854446,18.062073400416253,11.979468898434448,9.304430249447009,14.668789275217648,28.71640430363749,46.4522589285361,60.3659160713197,65.7361106197803
2025-09-03,63.471929749587005,58.19431259441957,53.70841498568753,50.248295380848596,45.81299205003494,39.72246999065464,34.40309163934841,33.40721579690967,37.67152581781206,43.934397670698544,47.12247566615631,44.52579939438934,37.7581263160195,30.701802380458716,25.648834626696015,21.611712655850965,16.486174744744815,10.702472786126776,8.31650176151311,13.955058475969949,28.257267822555697,46.22374779674894,60.340124326507414,65.8816783945043
2025-09-04,63.75457385137986,58.5773969627119,54.153552897520655,50.715974866578996,46.26321568522561,40.115400050652305,34.699691541507576,33.569878818675804,37.66468225284515,43.72509188534219,46.68090491756869,43.82580680100734,36.77764096904072,29.423220311360296,24.05933512273102,19.703505290824623,14.256673418079856,8.154394038163986,5.457885648835159,10.799211336361978,24.822627302141612,42.53367155940675,56.422604914256226,61.76898767995783
2025-09-05,59.48284151198641,54.18612829697233,49.68509213757206,46.21492091406544,41.775797855060375,35.68882199247614,30.38145197491916,29.407078078147144,33.70332388412395,40.009388658619564,43.252598629313034,40.723511115055594,34.03621631526669,27.073189499969658,22.126347867618918,18.207859257784733,13.212898735548947,7.5709074413368,5.33671957296572,11.135822352068303,25.605787298796272,43.74544405555155,58.03840778325112,63.757742522732826
2025-09-06,61.80720877362945,56.80282614842736,52.545296068633235,49.26473993011144,44.95682218828116,38.938736289846325,33.63470706731683,32.595613642862375,36.75733363170252,42.858119072122896,45.82517181335612,42.94976193768605,35.84753378319784,28.403352183780463,22.912343195424484,18.39067663047834,12.738286659999176,6.390085264182275,3.4070348841807316,8.421345735922586,22.077836818997007,39.38303266642838,52.82860775432793,57.69596192969857
2025-09-07,54.89737614202034,49.05748042195437,43.98558019218674,39.92029748899022,34.86559769711267,28.146680880903865,22.19539245957111,20.56975838314726,24.212246644698823,29.867066568747404,32.46667452331829,29.30683048475884,22.0068507711565,14.454410212864403,8.946548570343566,4.500428937858601,0.0,0.0,0.0,0.0,9.920829862566421,27.82490883748853,41.943139979789905,47.55094706899932
2025-09-08,45.55396345448609,40.569573506280605,36.399319107527745,33.273626821572876,29.1879253148605,23.458631041484644,18.508655817832718,17.8870402928559,22.527313990450175,29.16489219627406,32.72367718502063,30.491207096388756,24.07899669194508,17.367422233164092,12.646804330816067,8.92823562193361,4.106349054354382,0.0,0.0,2.3900319292853425,16.930921634043955,35.119833851595374,49.44287306172034,55.17600425708964
2025-09-09,53.22625695890132,48.213239119476896,43.941506523663925,40.64524382141078,36.32432739178504,30.300248769621746,25.001553069758586,23.98339730561299,28.18583024582233,34.351105094554086,37.4101935633566,34.65784572982155,27.712841036529554,20.462783782221933,15.205098064703293,10.957770113082404,5.622034834386682,0.0,0.0,2.5136995717574706,16.657991922006133,34.49136384245861,48.50337386696604,53.97275245582434
2025-09-10,51.80858231662905,46.63179807507475,42.24755101459237,38.88989500495663,34.55786368926508,28.571417398433724,23.356913863657077,22.466707141397933,26.83747580287126,33.20759099593833,36.503692170832245,34.015814020091156,27.35770906892789,20.411718293548162,15.469843722398451,11.544569908889628,6.531630045206043,0.8612709028354146,0.0,4.34275586349753,18.760511241508667,36.84326116766646,51.07662626862649,56.73588219066879
2025-09-11,54.72718741245962,49.669122792968686,45.36508805995808,42.048010948476126,37.71643876427103,31.690490660777044,26.397324639522537,25.390723750779806,29.609402721681413,35.794345916681905,38.87534482845401,36.146079166623004,29.224386591286887,21.99707418664542,16.760926410448505,12.533457282220851,7.215603504954586,1.2429136824341498,0.0,4.1487206087692385,18.303524632775094,36.14654438961787,50.16803460265663,55.6475494773256
2025-09-12,53.49510453157255,48.332655484860936,43.96644024612348,40.63164047269951,36.32843314310029,30.377911010552943,25.20752641992531,24.370663314654067,28.804938918361074,35.2495461123339,38.63180471361243,36.24226560480546,29.695012523598656,22.872514253562287,18.06668148129134,14.289675510438173,9.436664845894398,3.937084044085836,1.845760694862335,7.788175389155512,22.40189299315832,40.68573647254477,55.12331428931021,60.987683763300936
2025-09-13,59.18259865161474,54.324071802295784,50.212797851867464,47.078891390052675,42.918010045761704,37.04734041917578,31.89110047581962,31.000162452392203,35.31039705864569,41.56004940859841,44.67631440959106,41.95045518227693,34.99810908613004,27.7041339590157,22.363648843018247,17.992816520043107,12.491564114100271,6.2947965421238194,3.463469165703117,8.629785106165997,22.438556252845736,39.89630001361596,53.49468372496248,58.5151000799449
2025-09-14,55.86982286036759,50.183474915076594,45.26535447241568,41.354076360974666,36.45359874524691,29.889114457140657,24.09246167185607,22.621659083369906,26.41916741764222,32.229188721493784,34.98417207449324,31.979870154397872,24.835591970816225,17.439005036512853,12.087141784849592,7.797157973712245,2.4690396488166044,0.0,0.0,0.0,14.000042147963867,32.06092702996763,46.336049945105025,52.10082727653672
2025-09-15,50.26088497550882,45.4336000080089,41.42050684700274,38.45202464267218,34.52357464308331,28.951565880633602,24.158902745950293,23.694618459437947,28.49223511357588,35.28716056025134,39.00328963792514,36.92815304885017,30.67325811549847,24.118973659254166,19.555612850036056,15.9942608840485,11.329543268072413,5.9908889604589035,4.033654189151719,10.084371847998455,24.782164942664693,43.1278955670867,57.60766076818548,63.49741810773652
2025-09-16,61.70418967941144,56.84757601115615,52.73212546731847,49.592015280308146,45.42711441742583,39.5589070058197,34.41593075765109,33.55333528865038,37.91116197659113,44.23165664035713,47.44578361222338,44.84828559850718,38.05793467674322,30.962327788593875,25.858881682650626,21.765575247240143,16.583636057148126,10.748726377630177,8.321995377187548,13.935263308504133,28.23237689941395,46.21830811362012,60.38260821235562,66.00400039386406
2025-09-17,63.991560115682034,58.96621476502081,54.733108399156635,51.52628767404142,47.34477903200741,41.508535616737795,36.44390798526034,35.70324303418088,40.22321218906379,46.742179466967634,50.18677720185515,47.84703298625295,41.33669225961641,34.53808893013323,29.743217973530548,25.964556907867355,21.09783190610746,15.573282739149775,13.446792247460863,19.345145075996726,33.907453942777515,52.13432464802987,66.51137090910801,72.31386148493073
2025-09-18,70.44794798300136,65.5322044139435,61.37002367645336,58.19432669820418,54.00365399823059,48.11811796493056,42.96486985667663,42.0976860029522,46.45527443231048,52.77861283380975,55.997486047805936,53.405567155125134,46.620687211072145,39.52964671897798,34.4292235807269,30.336925284287915,25.15368202663457,19.315035930950117,16.88219307982712,22.487204139833487,36.77431288866864,54.74904491668801,68.90164859897997,74.511671820298
2025-09-19,72.48912380538476,67.4559540091288,63.21839410332494,60.01161953810251,55.835801112360485,50.01202543033623,44.96773871677251,44.25631882516787,48.815376919690955,55.384099852125274,58.889801441347984,56.62302660278051,50.197853138605204,43.496743928244925,38.81160378684167,35.15458817824734,30.42085980068908,25.039847436774323,23.06637293585389,29.12591118165927,43.856021367263644,62.25552081923062,76.80801239485753,82.78654784411543
2025-09-20,81.09487538906203,76.34900237821928,72.34961798361326,69.3268313669527,65.27629476479902,59.51518942146011,54.4677279833178,53.68477740500701,58.10220315071736,64.45824512796781,67.68009307335728,65.0590049760758,58.21061310249627,51.01977023417673,45.78159039863546,41.512231400001184,36.111615424856275,30.014642491076422,27.28226310296771,32.5466755632222,46.45268698316858,64.00681003363468,77.70070735435236,82.81576698320187
2025-09-21,80.26425808789618,74.67079894488154,69.84468325182759,66.02452134870879,61.21426695374105,54.73910849497953,49.0308797866885,47.64759520478499,51.531711200577185,57.42742558910045,60.267183262694886,57.346732754946174,50.28537897606366,42.97078538334385,37.6999803993336,33.49011581595306,28.241173757713646,22.38717714703747,19.98727007825886,25.6709334788751,40.0793748789107,58.214663995940086,72.56322561484745,78.40047251867863
2025-09-22,76.63202710475927,71.87526283215263,67.93171071382335,65.03178648708518,61.1709080350727,55.66548107105937,50.93840671669972,50.538714969836974,55.39992474892179,62.25744077977346,66.03515482375204,64.02059455421146,57.82526431376751,51.32952999279758,46.82370187931843,43.31886233704692,38.70963408960465,33.425443361896654,31.521643698222128,37.62476535856701,52.37392876478486,70.7699934775532,85.2990540603256,91.23706564255406
2025-09-23,89.4910479358767,84.68059913716115,80.61026533051384,77.51422151919891,73.39233449265274,67.56608625123113,62.46401243238601,61.64126062795265,66.0378702440323,72.39608517923416,75.64686789870181,73.084959291784,66.32912967264889,59.26697427200733,54.19590817810051,50.13390867381398,44.982201779668586,39.176448259842466,36.777795834057194,42.41806335987373,56.7410962225124,74.75186509622628,88.93992000606163,94.58398296735918
2025-09-24,92.59312830823627,87.58828233946738,83.37458809604365,80.18609126476073,76.0218173726106,70.2017187015681,65.1521450012113,64.42544241392599,68.95828166532435,75.48902612660589,78.9443075397626,76.61415295957895,70.11230734172435,63.321104165393024,58.53253803096365,54.75908613523468,49.89647438535265,44.37494234006012,42.250372681829475,48.14954995307509,62.71158682286603,80.93708909725106,95.31167055413864,101.11060006755304
2025-09-25,99.24002941484721,94.3185328306299,90.14950349292724,86.96586266292469,82.76615124796457,76.87048207936232,71.70600691356199,70.82650263217289,75.17067787087632,81.47951098067828,84.68278751840707,82.07418133613541,75.2715243150166,68.16161783921942,63.04124074561278,58.92790151213065,53.722531380299586,47.860673572632464,45.40353532494485,50.98316851252449,65.24381817573516,83.19101122212048,97.31499739854443,102.89532601588854
2025-09-26,100.8420077798158,95.77699367950667,91.50651697649764,88.26575476396643,84.05487953863532,78.19497965645232,73.11350314804007,72.36382972681876,76.88357247070735,83.4119201994965,86.87618875325421,84.56692512324496,78.09820924052798,71.35250616727022,66.62172295479871,62.91801735689552,58.13655441485228,52.70676530752784,50.683474334218374,56.69215888135629,71.37038069781354,89.71695971877529,104.21550146359334,110.13906039622327
2025-09-27,108.39138750595208,103.58849296091026,99.53106880517086,96.44922712462518,92.33862313240203,86.51644110181469,81.40689675950895,80.56086019276846,84.91420005005408,91.20515947485241,94.36093149082343,91.67277742621542,84.75633293724563,77.49645424652124,72.18825887349436,67.8479081654844,62.37532790194898,56.205421745129335,53.39914389389001,58.58869639490945,72.41889015585026,89.89624169045082,103.51241753365002,108.54880966717924
2025-09-28,105.91769125233459,100.24368460834071,95.3360875248649,91.43351448241943,86.53992338900429,79.98050691113143,74.1871031493447,72.71773081461552,76.51485074118976,82.32266517514307,85.0736234869273,82.0634787366075,74.91154040764441,67.50547657784067,62.14232033712309,57.83922819170476,52.496187026821204,46.547224571683216,44.051489774122814,49.638468460606454,63.94937310496384,81.98627841790173,96.23561421727524,101.9727983675163
2025-09-29,100.10345839178808,95.24497291866186,91.1988781764125,88.1955951608341,84.23054705762623,78.6201449269468,73.78729527993045,73.28103354801443,78.03488412570131,84.78425725791729,88.45305026765601,86.32879643212792,80.02300574012277,73.4160497695264,68.79824453818136,65.18067818014431,60.4579792309576,55.05957976820035,53.04083922932212,59.02829380765637,73.66106989869883,91.94003307630489,106.35128395675673,112.17078376166027
2025-09-30,110.30555833354114,105.37521203931249,101.18429717085573,97.96699497808501,93.72317853454274,87.77433616287757,82.54900985834995,81.60235361043644,85.87441325765055,92.10743916810648,95.23240031256503,92.54404412190547,85.66114748745278,78.47131225225846,73.27196015233046,69.08107515239746,63.7998899901282,57.864072179332375,55.33477622548524,60.84382780358658,75.03507915037102,92.91350782413576,106.96867076672243,112.47929694261163
2025-10-01,110.35446766083551,105.21511624515583,100.8663927741557,97.54235001004294,93.2420205854192,87.28536391841111,82.09873692475419,81.23449294296213,85.62930992385316,92.02155849306476,95.33787767587293,92.8683018385789,86.22658327677624,79.2950628368236,74.36574251452475,70.45110692821575,65.44688943399157,59.783337065842595,57.51634000753552,63.27269032833405,77.69150824968578,95.77340715442928,110.00400842522103,115.6585885597581
2025-10-02,113.64330698692312,108.57674561586482,104.26230532118286,100.93291508532279,96.58712355850443,90.54505133723724,85.23385796518602,84.20732813270945,88.40417830553689,94.56539468501525,97.62077069960488,94.86398809241487,87.91288665573035,80.65427570410404,75.38494202379049,71.12240206080159,65.76759504286157,59.7560721968881,57.14904878043491,62.578584707694645,76.68893307466207,94.48562886124125,108.45892990221205,113.88839361259252
2025-10-03,111.68403881710749,106.46782463914464,102.0459924890798,98.65372762236021,94.29121071288925,88.27953830646686,83.04616663698636,82.14448363311551,86.51211060146355,92.88824460115325,96.200209724142,93.73856122394207,87.11738730508638,80.21916131330708,75.33579859360653,71.47946520295213,66.54533449498642,60.96284596991772,58.78683225664973,64.6427790793013,79.16825653192484,97.36209290257185,111.70790206963335,117.47874686337272
2025-10-04,115.57838664486374,110.62283996001236,106.41280723588827,103.17840894621659,98.91530869665527,92.94069915693696,87.67880445396376,86.6805030786609,90.88167208610716,97.02056302853352,100.024377341193,97.18438476533629,90.11622937079689,82.70477579625069,77.24514997672922,72.75352167560587,67.12982508795669,60.808972291482455,57.85192589881376,62.89089636969574,76.57070302253085,93.8978707796754,107.36407458168027,112.25071481489793
2025-10-05,109.47007303886198,103.64677996884497,98.59014178654759,94.53878135933317,89.49666497725477,82.7889936833774,76.84761394948114,75.23055285094951,78.88027958007673,84.54100473416439,87.14518602739722,83.98858485579987,76.69051903050634,69.13866494878759,63.630064010598886,59.181881023062545,53.6941111625985,47.600790439541925,44.961076071785946,50.404462145633815,64.57216938302545,82.4662807309122,96.5732342315235,102.1684559610015
2025-10-06,100.15758164178885,95.1579980874577,90.97124969856975,87.82776562869086,83.72297720640367,77.97330362061847,73.00165949589423,72.35708836073671,76.97312269156727,83.58518079808591,87.1171680516213,84.85662576049383,78.4150719268112,71.67288612431675,66.92039234767938,63.168686689361834,58.31240562423487,52.78098914979976,50.62980460302133,56.485396057125634,70.98689776649572,89.1351831427454,103.41636061867558,109.10639921060744
2025-10-07,107.11233253374512,102.0537727046038,97.73527974249704,94.39104260089711,90.0209420334246,83.94647401866268,78.59618818374727,77.5252461247654,81.67370126149079,87.78381151921741,90.78655339797824,87.9766818329435,80.97298119311014,73.66306077065792,68.34434972573538,64.03483941798083,58.63576995212247,52.582816180768035,49.93713991925632,55.33057412334125,69.40697828090454,87.17133717144344,101.11321492820613,106.51134767592787
2025-10-08,104.2748238533008,99.02458388237216,94.56578490847825,91.13248672821648,86.72372897659196,80.65947804163586,75.3660977753492,74.3959484196059,78.68571479477549,84.97377436206331,88.18677294749331,85.61475168411586,78.87146959868082,71.83927423345197,66.81017424431633,62.7966608739556,57.69447406608839,51.933867405837255,49.57073759030287,55.231883166127886,69.55643079333633,87.54500025547887,101.68321929814194,107.24637074255112
2025-10-09,105.14062030292791,99.98455613327218,95.5815853150489,92.16464299636267,87.73228395363284,81.60463486818118,76.20886132865866,75.09875402865467,79.21303539582125,85.29269755177809,88.26753980273179,85.43124972795319,78.4016729127148,71.06562442175544,65.71989674823325,61.38201200170046,55.95291502955257,49.868162633877894,47.188975603797296,52.54741933981528,66.58775237946232,84.31551509876373,98.22097068360188,103.58368185379577
2025-10-10,101.3136726931248,96.0329075376698,91.54763296389089,88.09303934623966,83.66931243080613,77.5975537885844,72.30522462926932,71.34571781171141,75.65665952317532,81.97725165505219,85.2348230840136,82.71993379766988,76.04667668669724,69.09752973342871,64.1644128686332,60.25949668703474,55.27795902865397,49.64924383000961,47.428188105702056,53.24028191452586,67.72309963441872,85.87547378574558,100.18102242783736,105.91281252012743
2025-10-11,103.97460750086773,98.98242994106357,94.73698424007048,91.46839479177876,87.17232906881793,81.16598355496588,75.87358613782584,74.84601901584459,79.01916289752526,85.1312729349309,88.10955410901612,85.24527965245854,78.1540970721347,70.72087438883815,65.2407408656988,60.72986953750066,55.088197817438555,48.750640944855085,45.77816463878833,50.80298240931363,64.46991656964951,81.78549498061301,95.24139546503407,100.11902123529374
2025-10-12,97.33065661999655,91.50093504762557,86.43916535403442,82.38397300656503,77.33932683611467,70.63043036975012,64.6891325056327,63.07346268806181,66.72589242023228,72.39063455249672,75.00014899399287,71.85019927744649,64.56010529242377,57.01754545594517,51.519563129486095,47.083325022435375,41.60882815495755,35.530110322122354,32.90633046747674,38.366984343462754,52.55329427924512,70.46734476926575,84.59557534381486,90.21341350750984
2025-10-13,88.22649635140338,83.2522119981138,79.09210609668278,75.97660898986302,71.90115313476673,66.18215878882935,61.24254158499033,60.63134599904473,65.28210539536381,71.93023891003196,75.4996526808219,73.27788872153054,66.87646567897458,60.175763710837,55.46610733481168,51.75859310551138,46.94785789885132,41.46334205247006,39.360413182246276,45.265615579176114,59.818083654062534,78.01869091415394,92.35354582587208,98.09861737854818
2025-10-14,96.16093909858382,91.16012295249566,86.90072874806812,83.61694516579331,79.30865262490858,73.29734670793026,68.01157658464314,67.00650333207969,71.22217978959945,77.40086323999147,80.47352948003713,77.73493267956715,70.80385638012379,63.56790898621888,58.32451870768428,54.09167589291683,48.77061957254156,42.79702346549179,40.23204819056825,45.70752544518555,59.86731339958344,77.71639545108664,91.74433429102754,97.2298645407887
2025-10-15,95.08207307401443,89.92189868647195,85.55449683582275,82.21392556970183,77.89922271301927,71.93035278233344,66.73367769718509,65.86155570586268,70.25066957414471,76.63939464735328,79.95437457529519,77.48564825335114,70.84697241020412,63.920692229091806,58.99881394631551,55.09382632431293,50.10146676606212,44.45198625559645,42.20127882852368,47.97614030968698,62.41569457606468,80.52055857215774,94.77635713841599,100.45837013531005
2025-10-16,98.47276025510767,93.43811257038553,89.15783102150726,85.86484755595328,81.55771369009982,75.55655278588108,70.2885270538788,69.30742374971588,73.55196180499377,79.76312978582818,82.87072338457662,80.1684265080081,73.27408101042205,66.0744981675541,60.86646662493873,56.667504586801655,51.37855293725027,45.43516445753284,42.89855585776664,48.40078840275192,62.58611643652593,80.4600760846009,94.51292622536879,100.02422521434488
2025-10-17,97.90399271457238,92.77418858428449,88.44105486652282,85.13977734563423,80.87053712173726,74.95443106397134,69.81891562500772,69.01737885053592,73.48744205968617,79.96830222074507,83.38728323226871,81.0349400489806,74.52536047454386,67.74101734875002,62.9738254073578,59.23594999510674,54.42256364888539,48.963104947326734,46.912405495517156,52.89594988871834,67.55130698855073,85.87730374629685,100.35755259986254,106.26511483504552
2025-10-18,104.50374816450916,99.68946938158052,95.62297705673443,92.53438970341682,88.41936886272968,82.59510503590553,77.48582007799415,76.64239010363522,81.00068968782648,87.29896779921152,90.46442318556939,87.78832279696798,80.88630780848817,73.64323986056147,68.3542417865912,64.03548014378025,58.58688581942567,52.443367479435935,49.66588422044496,54.88664288475384,68.75045906942532,86.26385387149006,99.91849830746732,104.99578873142087
2025-10-19,102.40800257142786,96.77976630873961,91.9203817866235,88.06846743439,83.22798500034004,76.72413088441442,70.98874681303172,69.57985501498868,73.43991973415395,79.31314651836168,82.13198793051833,79.19220011508719,72.11309553040319,64.78234512006988,59.49698473022048,55.27417351353145,50.01390089196418,44.150197021155854,41.742213165183436,47.41943735619293,61.82308416304217,79.9552302801538,94.30230739882123,100.13973514486116
2025-10-20,98.37314269239201,93.6199102083911,89.68157534842408,86.78856042312981,82.93628982118824,77.44117569420706,72.72612553197635,72.3401756312124,77.21685114094382,84.09156294628934,87.88820889824817,85.89432268936561,79.7214146100528,73.24985642760429,68.76996423403315,65.29282612670949,60.71307048939675,55.46012913481156,53.58936112186632,59.72730215181886,74.51307801388968,92.94755356218035,107.51682857919096,113.496863338781
2025-10-21,111.79468262202413,107.02988961973833,103.00703533431461,99.96029961138802,95.88955400641363,90.11628520976669,85.06903347024239,84.30295091645444,88.75808141167393,95.17667323563548,98.48969315475739,95.99188628288552,89.30202707915885,82.30771484005905,77.3063686421849,73.31596967588888,68.23774778940435,62.50736749463965,60.18598018046332,65.90540829057839,80.30950071850152,98.40323156249505,112.6761541920154,118.40699388727862
2025-10-22,116.50482815573257,111.59058640865216,107.46941469735279,104.37536164378724,100.30745562686174,94.5856516978652,89.63630229212639,89.01175615532597,93.6486865320411,100.28545922895125,103.84870833971061,101.6284631865343,95.23847090864757,88.56106708312731,83.88824832506793,80.23249375967956,75.4895311381505,70.0896017780875,68.088590034653,74.1132820382702,88.8027919584139,107.1577270190689,121.66370232770595,127.5959879997462
2025-10-23,125.86073697095942,121.0765245459672,117.04674488605121,114.00432014998933,109.94779205431365,104.19727415268598,99.17991883752006,98.4495035378962,102.94473735016635,109.40659899756075,112.76487432191114,110.31323737237474,103.66952013915358,96.7205240272774,91.76302780622522,87.81453979825002,82.77599100082922,77.08292430389744,74.7965465222575,80.54890902129347,94.98425624267361,113.10811440650724,127.41073248330036,133.171658918744
2025-10-24,131.30090346428415,126.42041606568974,122.33642885204698,119.28411769423957,115.26365377844402,109.59612406043658,104.70897508049262,104.15558497337919,108.87356514834522,115.60210266765621,119.26851152425891,117.16333677166409,110.90065631546915,104.36293310105572,99.84207197460044,96.35022839523482,91.78256501976038,86.56851055235714,84.76288672945552,90.99116828344555,105.89091422222148,124.46094164739651,139.184853156479,145.3357002031624
2025-10-25,143.8172306759705,139.2454515532081,135.42105159956913,132.57413953249866,128.70036710737094,123.11691504996477,118.2479954511762,117.6444746727893,122.24221754883368,128.77946331898977,132.18340101521494,129.74528788430678,123.0807554119992,116.0746555630385,111.02210150946604,106.93925016200147,101.72602277638923,95.81731840280338,93.27408653795337,98.72852444059943,112.82543813992586,130.57133918666523,144.45788906208426,149.76647460754162
2025-10-26,147.40936375580156,142.01117351066185,137.38119625872878,133.75804099117937,129.1456600389595,122.86924040337996,117.36061443561752,116.1777950087682,120.26323703318891,126.36113674477494,129.40393741768176,126.68738592976459,119.83078549647205,112.72179784188286,107.6574496166524,103.65489080249253,98.61410167507047,92.96910326906809,90.77903775321518,96.6733840901334,111.29334780541404,129.6409965775256,144.2027531080999,150.254028061616
2025-10-27,148.70044167828723,144.15936521967436,140.43232746449428,137.74974187552766,134.10702402332345,128.82057727096307,124.31330034914362,124.13422082760758,129.2168551582046,136.29660556016358,140.29736125150527,138.5066473218671,132.53596549246384,126.26567899421065,121.98609541522418,118.70829438282631,114.32689584463209,109.27132321147226,107.59692717459401,113.93023510300648,128.91036448875124,147.53817192427047,162.29974896656455,168.4710477003265
2025-10-28,166.95908475437847,162.3834552038112,158.5487019733038,155.68899686810394,151.80420344147734,146.21580041991888,141.35232012763956,140.76890680709002,145.40559647506268,152.0046296048347,155.49696519626042,153.17734063707564,146.6645227010672,139.84610304078018,135.01949312996737,131.20266659739733,126.29684577306199,120.73768769225538,118.58633630965434,124.47460667853186,139.0463403448727,157.3065041020607,171.74464406280862,177.63947828882687
2025-10-29,175.90007711780171,171.1473628348483,167.186474410252,164.25145343107363,160.3413212864832,154.7760260842496,149.9819133630985,149.51132501800055,154.30092749028142,161.08907983061758,164.80240942415455,162.73093893241335,156.48840888202292,149.95714828631043,145.42914724452078,141.91687841556515,137.3160631334144,132.05693634809643,130.19537609662513,136.35816224174442,151.18440273545144,169.6746986346069,184.31465893064527,190.37954767397596
2025-10-30,188.77551178692073,184.1211206118665,180.21976240037299,177.30435345256726,173.37342967989355,167.74709888283226,162.8525077538435,162.24342807448173,166.8585633478586,173.43888675711497,176.91417865742153,174.57810766608944,168.04850039520312,161.21215292637999,156.36583876031395,152.52706100564126,147.59674550125044,142.010430033595,139.8293163703211,145.68545088491058,160.22307308327584,178.44770430595537,192.84958870073075,198.7082699466592
2025-10-31,196.9337530858166,192.14798341153744,188.1571884577499,185.196539557361,181.26620341653927,175.68726256894334,170.88715919030193,170.41926710938196,175.22119348769633,182.0321211984738,185.77936010387145,183.7534511864714,177.56846833849085,171.10687055289435,166.66055878167265,163.24168465011715,158.7454070398628,153.60115094084097,151.86373443499346,158.15862866020473,173.1233890903535,191.75682935331537,206.54254863358827,212.753595033941
2025-11-01,211.29371315031395,206.77890673140192,203.00986137301814,200.21668268482068,196.39501937598644,190.8620491880862,186.0419812887614,185.48567917889176,190.12900489338517,196.7101949349808,200.15643566047936,197.7589817043567,191.13346200210754,184.16472603070565,179.1478845370322,175.09909206960845,169.9182675844691,164.0403078948386,161.52616032401556,167.00802001996192,181.1306909642979,198.90068272329927,212.8096548576313,218.13899235080993
2025-11-02,215.80096134151353,210.42017710305777,205.80593035507297,202.19682848568516,197.59682228552697,191.33109728110878,185.8314844111954,184.6559952011229,188.7470832772579,194.84894365544608,197.89401845400295,195.17805345897256,188.32035085823236,181.2085714122345,176.1397408727546,172.13100838626076,167.08235345787654,161.42779641595376,159.22647878732505,165.1078789568084,179.71320193690602,198.04451495716168,212.58824033480488,218.6197884143936
2025-11-03,217.04477918058905,212.48058370401068,208.72873063640668,206.01963337866727,202.3487075034534,197.03235644055246,192.4934790517221,192.28110310248368,197.32874530403063,204.37180820111786,208.33418139939002,206.50339044187564,200.49093756779916,194.1771865880757,189.85244573860246,186.527795356046,182.0978561628478,176.9920524075436,175.26573568498492,181.54543433051145,196.47026686698797,215.04109098161348,229.7439993900469,235.85494539964242
2025-11-04,234.28094692545505,229.6416003929574,225.74145014028647,222.81466945043925,218.86112341758005,213.20229237268242,208.2667103078111,207.60952319681178,212.1707688508307,218.6926896008607,222.10624636748227,219.706178522258,213.11125488561964,206.2090692194708,201.29703517008633,197.39312860076225,192.39857413900245,186.74903118017403,184.50564610023304,190.30023643747785,204.77664628405495,222.93984504192667,237.2793814937291,243.0739764333448
2025-11-05,241.23270299207184,236.376486310289,232.31046827440463,229.26869344949313,225.25018626384076,219.57489792408637,214.6691771304578,214.08536899902612,218.7601432531174,225.43186228541413,229.02715688397026,226.83605317281098,220.4722952012921,213.81821556515655,209.16580800576952,205.52754888356722,200.79916329347083,195.41089000558964,193.41861093599385,199.4491098853106,214.14149880188,232.49638279788195,246.99937497760487,252.92574356324127
2025-11-06,251.1816397062405,246.38563703611186,242.3411281491189,239.28103374726652,235.20389420131698,229.42982182778434,224.3859678921246,223.62610880544725,228.08895275686513,234.51547767088084,237.83546870237603,235.34259932097564,228.65470104875584,221.65857493230314,216.6509994912076,212.64948290987417,207.55495615620865,201.8029622007784,199.4547080492922,205.1422453674043,219.5098190069267,237.56295570805227,251.79190507112736,257.4762162813615
2025-11-07,255.52589993946748,250.56290695023586,246.3934705112925,243.2527676713595,239.14097090432278,233.3791685631723,228.3948086943381,227.74127104840596,232.35616875975222,238.97869072448918,242.53615287884134,240.31910232885622,233.94161914044912,227.28616852965564,222.6446577210346,219.0292446607457,214.335094601077,208.99163895065112,207.05370225782974,213.14676217582053,227.90838074049483,246.3373781895679,260.91736036431064,266.9213820713925
2025-11-08,265.2531946567831,260.5288086653899,256.54891653556734,253.5436307647933,249.50860699552587,243.76102994750238,238.72511581181777,237.9517351565049,242.37675712822153,248.73842538521382,251.96393348330332,249.3445432992973,242.49589105368818,235.30283355160094,230.06048890971783,225.7850190886494,220.37635049828924,214.26938744709918,211.52508479412813,216.77564526453853,230.66588045718134,248.2023075954673,261.87659393715495,266.9701322021999
2025-11-09,264.39519630529395,258.7764093334936,253.9230698596162,250.07379316251743,245.23253796142635,238.72449774883515,232.98151146695142,231.56159868076315,235.40722109294236,241.26258183178726,244.0601311637357,241.0956230583054,233.98836792185028,226.62603476832186,221.30565763680488,217.04439399540962,211.74223170446265,205.83319948106742,203.37644727307136,209.00146191969344,223.34945691966726,241.42250802050336,255.70704608915992,261.4784900510805
2025-11-10,259.6424685025771,254.81636115611826,250.8017053358841,247.82892314441443,243.89343888556226,238.31166474918564,233.50650838612657,233.0270063786121,237.806684282826,244.5809535158647,248.27371258295986,246.17249595344938,239.88881481907669,233.30304196981345,228.70549464547392,225.10726221283224,220.40297444804008,215.0220646792902,213.019893604451,219.0229986850759,233.67050759612317,251.9632871960104,266.38743939726004,272.21892672503935
2025-11-11,270.3647763344235,265.4445939123704,261.2629330795713,258.0539764218979,253.81759835717264,247.87528855999528,242.65559038505734,241.7136591884028,245.98954218207706,252.22549111635234,255.35247634865792,252.66524670574321,245.78258047987572,238.59208092176476,233.39117118286563,229.1978366478083,223.9133114809699,217.97326462961334,215.43885203691966,220.94190082247624,235.12626467302047,252.99692260215681,267.0434330125536,272.5445263339798
2025-11-12,270.4092853458808,265.25864484769005,260.8977563981835,257.5606742447444,253.24643250942853,247.2749921033742,242.07271144070546,241.1919453616431,245.56937332282075,251.94336745918503,255.24056830919437,252.75101175606085,246.08845161549363,239.1352302571156,234.18335120297476,230.2453006009569,225.21681333926583,219.52813798702937,217.2351662649524,222.96469178293583,237.35583630323796,255.40921475580564,269.61045006708963,275.23482028405135
2025-11-13,273.1884863862273,268.0900318337508,263.74285905560924,260.3798985880021,255.99970063754375,249.92238735803278,244.57511985092162,243.51168436576728,247.67079892859903,253.7934513005298,256.80943647154436,254.01243774572174,247.0202964773041,239.71982354283335,234.40780728929082,230.10176572545822,224.7026396406037,218.64598182142578,215.99300908777974,221.37578291313804,235.43855795295767,253.18687074535916,267.11098068301584,272.490446737403
2025-11-14,270.2352892886745,264.96746901464155,260.49322887789094,257.04775568511525,252.6312316596711,246.56475489567796,241.2757831716577,240.3177059613916,244.62814611244207,250.94630222424476,254.19949992595878,251.67829600576943,244.99678020055643,238.03742738553427,233.09215443315253,229.17312892427253,224.1755257337948,218.52878587976954,216.28774350649638,222.07788584916955,236.53678451161056,254.66326928380244,268.9409555483772,274.6429076320855
2025-11-15,272.6728863891883,267.646911856363,263.3656859455858,260.05933061346553,255.72351094290713,249.67542107701115,244.3392866121107,243.26598750357795,247.39140226637386,253.45378390820278,256.38033531502896,253.46232767400483,246.3154064959726,238.8244378556819,233.28454911922802,228.7119114746938,223.00646053847333,216.60310980358832,213.56282329132563,218.5178128663514,232.112899244453,249.3546087424113,262.73461768787536,267.5343278467879
2025-11-16,264.6660221552147,258.75433269747083,253.6085670180915,249.46734934211185,244.33464731025458,237.53566330970983,231.50224515127007,229.79242124116266,233.34866209768714,238.91517963590294,241.42443288237723,238.17218453823256,230.7777537131392,223.1288180957337,217.52242037081714,212.97572662277855,207.3887332985802,201.19547767223827,198.4551182179186,203.79715027067908,217.86279579400906,235.65413896932546,249.65761906532748,255.14866337801988
2025-11-17,253.03290884154808,247.9277434740851,243.6347128725809,240.38424737912146,236.17177950400827,230.3137296095489,225.2330134851805,224.47867581743492,228.98425023230402,235.48515618132603,238.90530016969615,236.53222463094832,229.97744868454734,223.12135301345253,218.25426271322078,214.38727497006627,209.41502734243454,203.76696090395748,201.49844406025005,207.23602194297789,221.6188298589672,239.64774226070008,253.8088686149854,259.37817896536694
2025-11-18,257.2627079423581,252.08206867147857,247.64082217176014,244.17315838741735,239.67895905455975,233.479721125683,228.00399519264704,226.8069438078423,230.8286213386021,236.81128664850456,239.68591716753525,236.74726875227668,229.61412668320474,222.17410115658697,216.72462222691047,212.28368213892168,206.75252187389137,200.5668171530024,197.78773064949078,203.0470961692916,216.98877404133657,234.61774987747947,248.42358863370478,253.6850272488915
2025-11-19,251.3111549665139,245.92291300478112,241.3254592960801,237.7528544158971,233.20413876792202,226.99927950002916,221.56464121655853,220.45258490100792,224.59979610753828,230.7446530211103,233.81380218366843,231.0972854346686,224.20886249848127,217.03088160638936,211.8553520936298,207.69476587382474,202.44486355271593,196.53589936878564,194.02377066322038,199.53527661827667,213.70954451956302,231.5471947711009,245.53385572457793,250.9448108028492
2025-11-20,248.68622631186682,243.3766909881889,238.81961248799783,235.2479265242263,230.66018843026777,224.37652543634346,218.82410367023823,217.5567143567413,221.51308044631187,227.4341945749755,230.24985655463365,227.2537544614001,220.06373437025508,212.56661182578125,207.05917979335783,202.5589608471804,196.96690029054335,190.71855537227117,187.87514732176305,193.06874197067333,206.94359827978775,224.5052570401919,238.24398184509795,243.4393358139469
2025-11-21,241.00134342212095,235.55196938937166,230.8974606680326,227.273008000853,222.67879749432058,216.4359310723262,210.97187029019588,209.84000834456293,213.97797175249397,220.12496272947615,223.20831046686135,220.51857526131346,213.66985030419025,206.544613871686,201.43478618258763,197.35253811037612,192.19304776843003,186.38575935929464,183.98551015630844,189.61779047103272,203.9201749283066,221.89149628459052,236.01537283471447,241.56487176312982
2025-11-22,239.4437567273177,234.268050511488,229.8384577220449,226.3851029540449,221.903653874776,215.71130715568842,210.23229086826365,209.0174873870371,213.00277759147704,218.92641679887677,221.71561014941213,218.66163103010732,211.38012709615202,203.7559665117296,198.08427867728312,193.38123676022133,187.5467783011506,181.01581866189238,177.84932367808494,182.67950697310698,196.1511909664453,213.27090362337952,226.53032286536046,231.2108519964907
2025-11-23,228.22477543626513,222.19672669722797,216.93601469718232,212.681264978927,207.43644644639357,200.52676269532134,194.38406268823178,192.56637593054916,196.01617398331686,201.4776697496328,203.88332318973352,200.52889788284085,193.0337137623505,185.28544928612394,179.58114785192964,174.93797620475922,169.2559313960432,162.96905124966605,160.1364947357683,165.38775763040746,179.3640622837772,197.06749320942586,210.98448995439176,216.39048003810308
2025-11-24,214.1911005643883,209.00373966684504,204.62994300381763,201.3001409245761,197.00976589289135,191.0752381709952,185.91947339382097,185.09151604016623,189.52489947463482,195.9550428339204,199.30585225454914,196.8648697486904,190.2436139607189,183.32246504555997,178.3917475177779,174.462557928881,169.4295331511259,163.72211351795846,161.39566664290754,167.0767368127377,181.4044584368761,199.37970501811947,213.48858502144165,219.00706743661004
2025-11-25,216.84218578805783,211.61355204406672,207.12572601319522,203.61289637948448,199.07494356619353,192.83336316189457,187.31670434329277,186.0801281967064,190.06368757217646,196.0096397653879,198.848960587647,195.87640422640504,188.710754242565,181.23961906245637,175.7604269209413,171.29116819260997,165.733081939229,159.5218419126719,156.71860876749642,161.95521424125002,175.87551654580392,193.48449912658606,207.2717247244069,212.5159280144128
2025-11-26,210.12619592762098,204.72346732181757,200.1128977200762,196.52854524136393,191.96944778454537,185.7555699450919,180.3132737276846,179.19491746828362,183.33718402719094,189.47844884808046,192.54535568498346,189.82794354284314,182.9399692653389,175.7637781564569,170.59137657889613,166.43525342709023,161.1911462425311,155.28930615404474,152.78562734784205,158.30690580612287,172.49226556985684,190.34232375367648,204.34270537561565,209.76869048066504
2025-11-27,207.52644195299297,202.23454506377763,197.69640395974722,194.14495080177198,189.57873732756826,183.31788712902798,177.78956265282295,176.54755140043187,180.53057255646019,186.4796149492835,189.32447454139006,186.3588355181892,179.20054002144505,171.73639962318066,166.26320327455426,161.79846949491076,156.24313949157374,150.03276637892327,147.2285672108619,152.46260360351448,166.37913026496227,183.9836836912869,197.76652314356184,203.007207370294
2025-11-28,200.61575643725595,195.21413061652254,190.6085723746333,187.03426793098652,182.49139883124573,176.30106240123416,170.89071556132222,169.81374683648028,174.00777803592166,180.21200663051272,183.3537570319119,180.72358472071954,173.93557803733492,166.8722103716476,161.82539702131024,157.8073039041381,152.7131041434211,146.9722369177618,144.63953444266258,150.34048193825404,164.71264890362932,182.7548629410483,196.9507371516546,202.57333349852115
2025-11-29,200.52641038416823,195.42598530616954,191.07275755265053,187.6968463689645,183.2939140419362,177.181151831458,171.78278236720234,170.64968255160824,174.71772776249674,180.725167785072,183.59920219901016,180.63109880115675,173.43649962810645,165.90026719677485,160.31752523218273,155.7044411985631,149.96094690548483,143.5219519566923,140.44841640256885,145.37254805452343,158.9391634934725,176.15478482043397,189.5110840661085,194.28945861887487
2025-11-30,191.4021869569446,185.47389662673154,180.31389055517639,176.16078826981382,171.01855263534537,164.21238118439126,158.17411679300227,156.46178285689587,160.0178448045606,165.58650938399225,168.1002303780839,164.85476516648356,157.4694274622996,149.83188947958794,144.23918835398783,139.70848454597302,134.13976880269553,127.96707262231975,125.24954863124718,130.61668624135575,144.70970141948305,162.53067227681544,176.5660319396565,182.09120148830777
2025-12-01,180.01181156966408,174.94524384223368,170.6930374725365,167.48561630050693,163.31840626393034,157.50782108250004,152.47676983307738,151.77429041968787,156.33390961715034,162.8910399571557,166.36958095626295,164.05706799207567,157.56501306010114,150.7737896527862,145.97371560793363,142.17588078742193,137.27491536072847,131.70025294621354,129.5072544283414,135.32245735507155,149.78498938370035,167.89571725263272,182.14074265549743,187.7960277938397
2025-12-02,185.76859939747214,180.67806262833565,176.32897047941796,172.95550480908784,168.55753920578908,162.45656241415125,157.08111675884743,155.98635646506713,160.11232751394226,166.2012803246932,169.18418382456605,166.35578530983832,159.3348614433949,152.00901374736225,146.67566354565187,142.3527942964641,136.94163813945008,130.87786189927152,128.2226192978136,133.6077351360135,147.6770606843168,165.43557244273865,179.37282620305015,184.76754968790064
2025-12-03,182.52882287289938,177.2775776570926,172.81896260317774,169.3870288662377,164.980807380748,158.92025577538652,153.63172908693838,152.66757868255888,156.96448045288975,163.2608028718832,166.48318272321063,163.9216520423136,157.18996070355942,150.17044704273968,145.15511045423187,141.15643286769983,136.070144860048,130.32649059767374,127.98135730728623,133.66153401370386,148.00613780346333,166.01577883992502,180.1760751937784,185.76229996579764
2025-12-04,183.6806091004745,178.549580933557,174.1726126810106,170.78262957768317,166.3781764407422,160.27936994721068,154.91336563422178,153.83394410017596,157.97981763287413,164.09196817074803,167.1001847927106,164.29814480861688,157.30368349177593,150.00360555357724,144.69469309259404,140.3944577841542,135.00383400015457,128.95836802804436,126.31927010470889,131.71859503834824,145.80059073874088,163.5707869137663,177.5194360464262,182.92609011929667
2025-12-05,180.70076244029863,175.46540653671343,171.02625814125585,167.6184967508122,163.24229720078654,157.218750119028,151.97530573994226,151.06534591560575,155.42648579510137,161.79791620268838,165.1069549163385,162.6441507974405,156.0235855807647,149.12772606488744,144.2484809706327,140.39800965407034,135.47147869146963,129.89832072955866,127.73336146803071,133.60207962659385,148.14203821998376,166.35205838230678,180.7157467635966,186.5061588917666
2025-12-06,184.6270467520137,179.69442144128988,175.50897586480278,172.30082290284616,168.06561849435934,162.120547571084,156.88982645154317,155.92432574656925,160.1599145608023,166.33483642567202,169.37628468637558,166.575520924822,159.54818098275547,152.1791212018504,146.76345915275073,142.31735616519305,136.7407379353855,130.4685079745309,127.56162026178137,132.65227655827448,146.38528741672866,163.7671689314578,177.2895871486018,182.23393349426954
2025-12-07,179.51248050666675,173.74984981526322,168.75533845211288,164.76756007386953,159.79047169697364,153.14926502945815,147.27577714639423,145.72802566657032,149.4484702650353,155.1813119619616,157.85899883508728,154.77728258466476,147.55547126906632,140.0812314723786,134.65159472599655,130.28371591085548,124.87758022065967,118.86721362577404,116.31176325075077,121.84071303099273,136.09527348563432,154.0775173012065,168.27387220818554,173.95975391742707
2025-12-08,172.0407877333233,167.13434999924323,163.04197459332056,159.99408009533352,155.98608721010726,150.3344044523101,145.46193572172677,144.91771377380172,149.63526026250605,156.3499826275486,159.98577532199374,157.8301686886822,151.49466971750587,144.85964692389547,140.2154131985115,136.5730534847881,131.8271930636638,126.40726069451641,124.36861243266273,130.33778102659463,144.95388936438525,163.21779944565884,177.61560825500868,183.42327331585614
2025-12-09,181.54781671066735,176.60883898378296,172.4108885424701,169.18814269008294,164.94047049119422,158.98935619670823,153.76333767060106,152.81756470774536,157.0920788908599,163.32912627198402,166.45967144373884,163.77845739886408,156.90425652936858,149.72466611819144,144.53710328236522,140.35954730562605,135.09322618535833,129.17380263675815,126.6624263046792,132.19091794572134,146.40312481867136,164.30401944519897,178.38315367105344,183.91925130657427
2025-12-10,181.82138844782156,176.71049314765992,172.39171015588204,169.09908684800962,164.83165041258343,158.90935476595945,153.75855126518368,152.93158763316944,157.3651361489205,163.7975617081539,167.15549755230137,164.72897220580316,158.13173206777708,151.2461120323947,146.36410808658394,142.49819878679432,137.54411137089912,131.93208670074569,129.71800873271962,135.52866325576483,150.00316415483258,168.14211842679555,182.43114100955052,188.14550190648515
2025-12-11,186.19135399886736,181.18727259411878,176.93665191447877,173.67241423587294,169.39310145138944,163.41882734862355,158.176744610296,157.22063101521871,161.48919606659052,167.72341895278913,170.85308603829935,168.17187195285325,161.2976093250911,154.11710025650424,148.92712427106977,144.74519050368735,139.47223082205966,133.54378904408486,131.02107297156664,136.536135013554,150.7332207151793,168.61785745496755,182.68029542154272,188.20008433836605
2025-12-12,186.08723528929104,180.96369961252537,176.63571088612096,173.33844648884593,169.072079171851,163.1576975139662,158.02274973610596,157.22061571117146,161.68890864436918,168.16681745117813,171.58165803555596,169.22397741986987,162.70785553464543,155.9157574095588,151.13959003061984,147.3915110544549,142.56668539253508,137.09454406162058,135.0299111658451,140.99826386445142,155.63716364620493,173.94543015363092,188.40666857997113,194.2939330308394
2025-12-13,192.5109741037152,187.67380154190533,183.5831069320164,180.4690018689343,176.3271410417596,170.4747081657123,165.33591837792034,164.46164114018342,168.7877444441373,175.05247074113763,178.1830123304239,175.47062978190363,168.53095795893796,161.2488522590072,155.9194293415985,151.55884965933444,146.06703806472055,139.87889725887078,137.05538044375578,142.22868863729562,156.04363168178503,173.50672499432412,187.10963397697253,192.13374944476473
2025-12-14,189.4913433578958,183.8070368001075,178.89012629123636,174.9792250077241,170.0782895186076,163.5125111168301,157.7137264952627,156.23995292210878,160.03364975422073,165.83901772591625,168.58850466083658,165.57786203738175,158.42639772251903,151.02177814286944,145.6610347020673,141.3613221859017,136.02262572287154,130.07897125122597,127.58950589339585,133.18371361389518,147.5028049920526,165.54885280501833,179.80828490530206,185.55651715558582
2025-12-15,183.69917504305772,178.8536351240851,174.82143152001746,171.8329830838338,167.88371082355582,162.2900235873467,157.4748256374669,156.98715012190274,161.76051911653533,168.53034051244572,172.22050924286236,170.1185561603939,163.8359887933787,157.25317622449415,152.66043194026355,149.06884150879796,144.37303086378805,139.00242944560662,137.0123940190847,143.02945806982768,157.6927452500243,176.00311835460926,190.44667518609327,196.29937411612838
2025-12-16,194.46823810231817,189.57286859098826,185.41781491843489,182.2372553438144,178.03105991350972,172.1207138882441,166.93475616673322,166.02833760534844,170.34150087447887,176.6164931394035,179.78428013149818,177.13960600850504,170.30124435233677,163.15679366114944,158.0036722922681,153.85986079475495,148.6265884559989,142.73951930545553,140.25980432733076,145.8192656413608,160.06175189353627,177.99223701669308,192.1002742918679,197.66458898763926
2025-12-17,195.59425868217926,190.51021293356138,186.21759801986468,182.95046286759958,178.7078362391935,172.80967364767028,167.68232806852717,166.878148865742,171.33380998097857,177.78767799577693,181.16638785680522,178.7599698169471,172.1821720250281,165.31533114424892,160.45144495395556,156.602993822256,151.66570681996984,146.0698266609185,143.8712391757263,149.69673204610234,164.1854210700366,182.33791517703955,196.63983125714466,202.36644128517253
2025-12-18,200.4239001328635,195.43078511716507,191.19049248811336,187.93594656850928,183.66569131622376,177.69984260195554,172.46555520941678,171.51660903635025,175.79171572212772,182.0318566089074,185.16682023206806,182.4902834091927,175.62008097370654,168.4430172481391,163.25587399451803,159.07616260131576,153.80481720626767,147.87738391319232,145.35507282480006,150.8699386672519,165.0662293176548,182.94947450055093,197.00992676936056,202.5271382212551
2025-12-19,200.41112233189267,195.28383284500717,190.95150575749736,187.64932088159236,183.37745341534242,177.45699439701536,172.31539452177685,171.50603614892174,175.96653498290163,182.43608245130105,185.84199698256265,183.47482813578657,176.9486583904379,170.1459553365964,165.35862853298278,161.59883821966218,156.76175190326748,151.2768032066861,149.1988188510384,155.15327862303434,169.77774664958753,188.0710452214335,202.5167821901967,208.38801432973037
2025-12-20,206.58849491536859,201.73423637788886,197.6259330001285,194.49369908289538,190.3331920295986,184.46159827857355,179.30313569847368,178.40867649110476,182.71409139583204,188.95762561921669,192.06647422501737,189.33190055296782,182.36954224476693,175.0642574833629,169.7111657191252,165.32643020434057,159.80997859616986,153.5967164071423,150.74759965656892,155.89483218561276,169.68322666532998,187.1193013474172,200.6947244731884,205.6908897026923
2025-12-21,203.02007184551127,197.3068948397092,192.36065806377906,188.41997755718785,183.48881275611953,176.89235782437157,171.0624523295509,169.5571164180409,173.3188123283076,179.09174367890142,181.80836118142946,178.7644192042404,171.57922850727942,164.14045841228543,158.7451432204174,154.41044061591495,149.03633862911215,143.05686610068167,140.53117305703444,146.0887463679906,160.37079951886193,178.37940819420004,192.6010031532116,198.31100316887222
2025-12-22,196.41503663484266,191.530483016664,187.4588793440832,184.43064737812205,180.44121103460196,174.80698206850377,169.95086764827897,169.42190382707577,174.15361558478796,180.8814137147507,184.52919605147753,182.38449634664144,176.05882502599104,169.4325540673566,164.7959998502199,161.16025083317484,156.41993583773177,151.00448718938043,148.96926453501555,154.94080423914326,169.5582328294035,187.82241597310758,202.2194543407813,208.02530916893338
2025-12-23,206.14700627574226,201.2041499638122,197.00129242153133,193.77261475551302,189.51798985506144,183.55890581866782,178.3239043783625,177.3681392180013,181.63165583056127,187.8567041982099,190.97425286361607,188.27904879001312,181.3898683586136,174.19431286124168,168.98980344187632,164.79432343027145,159.50910488775625,153.56981461110124,151.03760634443302,156.54430496091345,170.73376185246047,188.61095369029118,202.66543648650324,208.17593823306137
2025-12-24,206.05153922373904,200.91317172388995,196.56598471128913,193.2440298034498,188.94633844550714,182.992868824519,177.80997658186539,176.95001373779132,181.34965688165818,187.74727523359093,191.06950636956026,188.60638316227787,181.97165637083705,175.04766525949353,170.12641019808294,166.2203741360555,161.22528871440073,155.5713992085222,153.31459399890184,159.08166330678927,173.51172546141353,191.60539190893755,205.8482820478775,211.51567034999874
2025-12-25,209.5137141729602,204.46099330810574,200.16090646903405,196.84638043031498,192.51596159019346,186.48976824787798,181.19495760433432,180.1853119620254,184.39954535332524,190.5786415013592,193.6523913101273,190.91447395355914,183.98272660881526,176.74395593008137,171.49494599769537,167.25321050615042,161.9196858862457,155.92992052204187,153.34512678285083,158.79736164902903,172.9308752372475,190.75119950206044,204.74858920776927,210.20259865276506
2025-12-26,208.0232434996351,202.83247966413336,198.43654530309038,195.07062237336243,190.7348882042831,184.75043595112874,179.54471841190812,178.6711200345835,183.06725859787923,189.4723275893171,192.81364748243448,190.381769867444,183.79077923986668,176.92314519117474,172.07077926670144,168.24584367838895,163.34350788959102,157.79320746482935,155.64977105218958,161.5386803498426,176.09750138101055,194.32505831728767,208.70496087647126,214.51026768225773
2025-12-27,212.6447338450567,207.72437361491643,203.5498830784374,200.35137832434424,196.12451852839487,190.18649188621563,184.96151800591838,184.00047081537815,188.23922276268195,194.4160207476031,197.45806151063664,194.6566100528916,187.62730566095001,180.25500814653012,174.83483857261706,170.38296178804416,164.7993070304821,158.51878137495243,155.60234238979845,160.68219544683586,174.40315473190344,191.77173999484438,205.27962095925457,210.20819275021225
2025-12-28,207.46973162640415,201.68886295823359,196.6748875400357,192.66642281019705,187.6674295875458,181.0031034020871,175.1052851703907,173.53199637154484,177.22570055994674,182.93060265346304,185.57915464582553,182.4671121715234,175.21378723939813,167.7068504034241,162.2433371802373,157.84040645295448,152.39804743379943,146.35029012844154,143.75628571199314,149.2455221857927,163.45921414991147,181.39943838600715,195.55262673749846,201.19419903894158
2025-12-29,199.2297847326927,194.27676431564703,190.1366758308646,187.03994203764614,182.98198783228747,177.2792259337455,172.35456445772536,171.75704038820902,176.42017961878378,183.07939384012485,186.65858176735816,184.44527801615084,178.05099385974194,171.35610210651583,166.65091995066138,162.946536648063,158.13758180163566,152.6534885016593,150.54961714338012,156.45250482303732,171.00127878388685,189.19680539234358,203.52518600175952,209.26238251527244
2025-12-30,207.31542140129238,202.30390759681504,198.0323939079547,194.7350620428694,190.41178547712195,184.384052878717,179.0804065335123,178.05600066270017,182.25088128159373,188.40729887821004,191.45622248542455,188.69239954092856,181.73460688477428,174.470446251675,169.1973392135294,164.9332695117236,159.5794696042347,153.5716066689744,150.97083481581228,156.40897926819957,170.52989175337717,188.33854926251436,202.3245081126044,207.76649658557
